case_id,round,company,industry,head_office_region,raw_tail_group,low_score_accepted,raw_domain_mean,efficiency_scale_sufficiency_top2,recommended_adjusted_score,recommended_sufficiency_50,adjusted_domains_at_or_above_25_n,adjusted_niche_competitive,adjusted_broad_competitive,recommended_pareto_layer,efficiency_scale_adjusted_domain_growth,efficiency_scale_adjusted_domain_productivity_value,efficiency_scale_adjusted_domain_wage,log_baseline_sales,log_baseline_employees,has_consortium
s1_outline__181,2次,株式会社ホテルニューアワジ,宿泊業・飲食サービス業,近畿,middle,0.32476380746780226,37.36507936507937,56.00000000000001,56.00000000000001,True,2,True,True,5.0,4.761904761904762,28.0,28.000000000000004,4.231203744939298,4.844187086458591,1.0
s1_outline__195,2次,アシザワ・ファインテック株式会社,製造業,関東,raw_low,0.40073069949671375,35.0,84.52380952380952,84.52380952380952,True,3,True,True,3.0,42.857142857142854,34.0,41.66666666666667,3.380994674344636,5.1298987149230735,0.0
s1_outline__196,2次,株式会社八立製作所,製造業,近畿,raw_low,0.8465491974765135,18.349206349206348,63.33333333333333,63.33333333333333,True,2,True,True,4.0,21.428571428571427,30.0,33.33333333333333,,4.382026634673881,0.0
s2_outline_99,3次,株式会社シュゼット・ホールディングス,サービス業_他に分類されないもの,近畿,not_eligible,,10.626946327166147,7.1029492581058795,7.1029492581058795,False,0,False,False,,,1.442571899615314,5.660377358490566,5.094363509626968,4.442651256490317,1.0
s2_outline_128,3次,株式会社タカラ倉庫運輸サービス,運輸業・郵便業,関東,middle,0.13109860596253498,36.19710569701411,76.1535429586437,76.1535429586437,True,2,True,True,,,34.58050925077853,41.57303370786517,,5.902633333401366,1.0
s2_outline_24,3次,高知食糧株式会社,卸売業・小売業,四国,raw_low,0.3068393479354627,24.289062659013656,100.0,100.0,True,2,True,True,7.0,53.85416666666667,19.628137021432497,55.660377358490564,,5.802118375377063,0.0
s2_outline_149,4次,株式会社サン海苔,製造業,九州・沖縄,raw_low,0.37372402198381455,28.9347539134656,100.0,100.0,True,2,True,True,6.0,53.57142857142857,50.46166432912577,9.876543209876543,,4.290459441148391,0.0
s2_outline_172,4次,株式会社環境整備産業,サービス業_他に分類されないもの,九州・沖縄,raw_low,0.42640761864354265,29.782790118895107,60.68361904241486,60.68361904241486,True,3,True,True,7.0,29.278756957328383,31.404862085086485,28.49462365591398,,4.02535169073515,0.0
s1_outline_27,1次,株式会社クラタ,製造業,中部,middle,-0.056851929690686163,34.30809825546667,100.0,100.0,True,2,True,True,5.0,50.37593984962406,78.06686556686557,16.025641025641026,3.871201010907891,3.091042453358316,0.0
s1_outline_39,1次,株式会社ハウゼコ,製造業,近畿,raw_low,0.5051105708695786,23.50279876595666,85.33834586466165,85.33834586466165,True,2,True,True,8.0,35.338345864661655,58.415233415233416,12.727272727272727,3.8501476017100584,5.288267030694535,0.0
s1_outline_49,1次,株式会社ＡＫシステム,製造業,九州・沖縄,raw_low,0.7109223280660867,16.469469758943443,81.86644436644437,81.86644436644437,True,3,True,True,7.0,64.66165413533834,31.86644436644437,26.36363636363636,3.131136910560194,4.709530201312334,0.0
s1_outline_63,1次,株式会社オティックスホールディングス,製造業,中部,raw_low,0.2640802285149317,32.40078082183346,19.442417468733257,19.442417468733257,False,0,False,False,12.0,6.7669172932330826,12.675500175500176,1.8181818181818181,4.418840607796598,2.8903717578961645,0.0
s1_outline_164,1次,株式会社福砂屋グループ,卸売業・小売業,九州・沖縄,raw_low,0.29430311673032583,35.362985733879405,44.32716406400617,44.32716406400617,False,1,True,False,11.0,18.045112781954884,8.937346437346438,26.282051282051285,4.414009680526933,5.3471075307174685,0.0
s2_outline_145,4次,株式会社シャノワール,卸売業・小売業,近畿,raw_low,0.3266526829692754,33.10081884766317,62.17988675912939,62.17988675912939,True,3,True,True,7.0,26.136363636363637,32.55025712949976,29.629629629629626,2.882563575448353,5.846438775057725,0.0
s1_outline__179,2次,アサヒセイレン中部株式会社,製造業,中部,middle,0.1016247980099421,38.666666666666664,27.38095238095238,27.38095238095238,False,0,False,False,5.0,19.047619047619047,8.0,8.333333333333332,,4.0943445622221,0.0
s1_outline__200,2次,株式会社イズミテクノ,製造業,中部,raw_low,0.5985001962914659,21.9047619047619,93.61904761904762,93.61904761904762,True,2,True,True,3.0,47.61904761904761,46.0,14.285714285714285,,4.875197323201151,0.0
s1_outline_40,1次,千代田鋼鉄工業株式会社,製造業,関東,raw_low,0.41403404077561673,27.65475269890671,73.71794871794872,73.71794871794872,True,1,True,False,7.0,68.42105263157895,20.787995787995786,23.717948717948715,,5.049856007249537,0.0
s1_outline_45,1次,山本ビニター株式会社,製造業,近畿,raw_low,0.6095924201682152,20.65895697474645,55.4066985645933,55.4066985645933,True,2,True,True,10.0,26.31578947368421,16.356616356616357,29.09090909090909,,4.574710978503383,0.0
s1_outline_47,1次,ポーライト株式会社,製造業,関東,middle,0.061109254222055355,43.39780731735871,87.91681291681292,87.91681291681292,True,3,True,True,6.0,73.68421052631578,37.916812916812916,25.998107038375494,,5.214935757608986,0.0
s1_outline_66,1次,株式会社アルプスツール,製造業,中部,middle,0.10672295203847919,36.382258882258874,68.51851851851852,68.51851851851852,True,1,True,False,6.0,18.51851851851852,71.28817128817128,15.454545454545453,,2.833213344056216,0.0
s1_outline_102,1次,冬木工業株式会社,製造業,関東,middle,0.17778425433184086,33.854969014806535,52.385878701668176,52.385878701668176,True,1,True,False,11.0,24.06015037593985,28.325728325728328,4.545454545454546,,4.23410650459726,0.0
s1_outline_103,1次,オーケー化成株式会社,製造業,近畿,raw_low,0.3101657621267884,35.966015524916976,80.3063738333961,80.3063738333961,True,3,True,True,9.0,40.6015037593985,31.344331344331344,39.7048700739976,,3.58351893845611,0.0
s2_outline_15,3次,賀谷セロファン株式会社,製造業,中部,raw_low,0.4307238353064095,25.290231727422604,84.13628869756366,84.13628869756366,True,2,True,True,8.0,19.791666666666664,36.96647737680894,47.16981132075472,,4.31748811353631,0.0
s2_outline_30,3次,東洋スクリーン工業株式会社,製造業,近畿,raw_low,0.41004905880017595,22.097046671144494,59.709119496855344,59.709119496855344,True,1,True,False,9.0,22.916666666666664,21.322586554313975,36.79245283018868,,4.727387818712341,0.0
s2_outline_83,3次,株式会社キド,製造業,近畿,raw_low,0.42587678324257466,22.796579552624618,86.56786194052634,86.56786194052634,True,3,True,True,7.0,38.54166666666667,48.02619527385968,34.90566037735849,,4.465908118654584,0.0
s2_outline_95,3次,山崎商事運輸株式会社,運輸業・郵便業,中部,raw_low,0.3799441813477367,23.004516531016936,77.1816037735849,77.1816037735849,True,3,True,True,8.0,28.125,26.937167979483423,49.056603773584904,,4.532599493153256,0.0
s2_outline_110,3次,学校法人花沢学園,教育・学習支援業,関東,raw_low,0.718929366707031,18.347949868718324,56.296940831654155,56.296940831654155,True,2,True,True,10.0,4.166666666666666,29.88184649203151,26.41509433962264,,4.07753744390572,0.0
s2_outline_155,4次,信和化工株式会社,製造業,近畿,raw_low,0.8449183470849699,22.675448710784536,90.55049088359047,90.55049088359047,True,2,True,True,6.0,5.681818181818182,42.16339410939692,48.38709677419355,,3.713572066704308,0.0
s2_outline_164,4次,株式会社東豊精工,製造業,近畿,raw_low,0.46881439660254,33.032227369534525,99.38271604938271,99.38271604938271,True,2,True,True,5.0,21.59090909090909,60.02805049088359,49.382716049382715,,4.584967478670572,0.0
s2_outline_192,4次,フクビ岡山株式会社,製造業,中国,raw_low,0.30926275128731145,28.16267513848159,54.48223468910706,54.48223468910706,True,1,True,False,8.0,22.727272727272727,29.751051893408135,24.731182795698924,,3.713572066704308,0.0
s2_outline_228,4次,株式会社ベネフル,卸売業・小売業,近畿,raw_low,0.5763062614747722,28.5033894343151,48.930575035063114,48.930575035063114,False,0,False,False,,,24.19939223936419,24.731182795698924,3.044522437723423,3.871201010907891,0.0
s1_outline_20,1次,エスティケイテクノロジー株式会社,製造業,九州・沖縄,raw_low,0.2556999245282671,35.10453415743066,93.8973498537257,93.8973498537257,True,3,True,True,7.0,57.14285714285714,38.346788346788344,43.89734985372569,,5.049856007249537,0.0
s1_outline_35,1次,イグス株式会社,製造業,関東,middle,0.2258119528407497,39.20482612861631,92.69688348635717,92.69688348635717,True,3,True,True,7.0,45.86466165413533,46.83222183222183,32.83858199965583,,4.127134385045092,0.0
s1_outline_52,1次,株式会社平島,製造業,九州・沖縄,raw_low,0.36031524522331515,30.94329694250217,64.07049564944302,64.07049564944302,True,2,True,True,10.0,34.58646616541353,29.484029484029485,21.409826191705385,,4.110873864173311,0.0
s1_outline_53,1次,マルコーフーズ株式会社,製造業,関東,raw_low,0.5358793824323702,31.738932410073346,71.07659255310261,71.07659255310261,True,2,True,True,10.0,12.781954887218044,27.000702000702,44.07589055240062,,5.288267030694535,0.0
s1_outline_96,1次,大岡技研株式会社,製造業,中部,raw_low,0.41640305710911135,20.175061425061426,28.264303264303265,28.264303264303265,False,0,False,False,,,14.627939627939629,13.636363636363635,,6.645090969505644,0.0
s2_outline_35,3次,株式会社北海道ちぬやファーム,卸売業・小売業,北海道,raw_low,0.6774305249756598,15.891188862429017,13.789155522989558,13.789155522989558,False,0,False,False,,,5.298589485253709,8.49056603773585,,2.3978952727983707,1.0
s2_outline_195,4次,株式会社レクザム,製造業,近畿,raw_low,0.3153000192914939,35.822283139954955,78.2199625993455,78.2199625993455,True,2,True,True,3.0,94.31818181818183,28.219962599345486,22.043010752688172,,4.634728988229636,0.0
s2_outline_232,3次,株式会社モリシタ,卸売業・小売業,中国,raw_low,0.9007452488560802,19.651034988093055,24.18025279355193,24.18025279355193,False,0,False,False,,,6.2557244916651396,17.92452830188679,,3.091042453358316,1.0
s2_outline_27,3次,株式会社ライト製作所,製造業,関東,not_eligible,,37.60809748427673,56.81996855345912,56.81996855345912,True,1,True,False,10.0,32.29166666666667,24.528301886792452,4.245283018867925,4.343805421853684,2.3978952727983707,0.0
s1_outline_58,1次,三晶エムイーシー株式会社,製造業,中部,not_eligible,,39.592957755709435,76.06568109923813,76.06568109923813,True,2,True,True,,,33.67409617409617,42.39158492514197,,3.4965075614664802,0.0
s1_outline_77,1次,千寿製薬株式会社,製造業,近畿,not_eligible,,40.454069480915116,63.33801333801333,63.33801333801333,True,1,True,False,,,13.338013338013337,50.45603166408535,,4.700480365792417,0.0
s1_outline_70,1次,協和工業株式会社,製造業,中部,raw_low,0.4542039306113754,22.717645875540615,57.22822207721537,57.22822207721537,True,2,True,True,10.0,21.748816485658587,26.355738855738856,30.87248322147651,3.9318256327243257,4.820281565605037,0.0
s1_outline_76,1次,安田工業株式会社,製造業,中国,raw_low,0.5076328730234211,17.52247234703375,53.65470562838984,53.65470562838984,True,1,True,False,8.0,14.92620439988861,38.72850122850123,13.461538461538462,5.1298987149230735,6.042632833682381,0.0
s2_outline_134,4次,池田薬品工業株式会社,製造業,中部,middle,-0.06311199138374339,43.59947653250598,100.0,100.0,True,2,True,True,5.0,60.03014842300557,63.949275362318836,1.2345679012345678,2.6892046139769548,3.4965075614664802,0.0
s2_outline_135,4次,株式会社リバイト,宿泊業・飲食サービス業,近畿,raw_low,0.3489659542515007,46.520719618545705,32.38078541374474,32.38078541374474,False,0,False,False,9.0,3.745361781076067,14.101215521271621,18.27956989247312,2.501435951739211,3.332204510175204,0.0
s2_outline_136,4次,木本製菓株式会社,宿泊業・飲食サービス業,関東,raw_low,0.5814510876225177,33.495670995671,46.85016362786349,46.85016362786349,False,1,True,False,7.0,8.174860853432282,11.366292660121552,35.483870967741936,2.076369342304404,4.2626798770413155,0.0
s2_outline_168,4次,明和工業株式会社,製造業,中部,middle,0.12998693353459556,41.43514784042734,73.65591397849462,73.65591397849462,True,1,True,False,5.0,73.9100185528757,13.487611033193081,23.65591397849462,4.383275854074314,4.007333185232471,1.0
s2_outline_175,4次,化成工業株式会社,製造業,中部,middle,0.2099539952468447,39.282992937070276,100.0,100.0,True,3,True,True,4.0,42.938311688311686,56.08345021037868,59.13978494623656,4.087655574071304,5.25227342804663,0.0
s2_outline_221,4次,株式会社ニシムタ,卸売業・小売業,九州・沖縄,middle,0.22204002438858653,34.99705494420983,61.86093843376953,61.86093843376953,True,1,True,False,7.0,13.497217068645641,48.363721365123894,4.938271604938271,6.761919930758593,4.672828834461906,0.0
s1_outline_31,1次,鎌長製衡株式会社,製造業,四国,raw_low,0.31640596622844347,38.06510258264644,99.72152603731551,99.72152603731551,True,3,True,True,7.0,49.72152603731551,30.51948051948052,74.49664429530202,,4.330733340286331,0.0
s1_outline_78,1次,環境のミカタ株式会社,サービス業_他に分類されないもの,中部,middle,0.22269156288786504,39.35104563268934,100.0,100.0,True,2,True,True,7.0,52.422723475355056,61.72779922779923,13.988556186542763,,2.772588722239781,0.0
s2_outline_44,3次,株式会社アヤボ,製造業,中部,raw_low,0.4701960600474904,33.239907628287504,64.32918498503999,64.32918498503999,True,3,True,True,9.0,33.229166666666664,31.100018318373326,26.41509433962264,,1.791759469228055,0.0
s2_outline_115,4次,株式会社コスモス食品,製造業,近畿,raw_low,0.49725373736641765,31.038260644051064,98.14471243042672,98.14471243042672,True,2,True,True,2.0,48.144712430426715,21.008648901355777,94.6236559139785,,5.075173815233827,0.0
s2_outline_121,4次,株式会社ヤマキ食品,製造業,中部,raw_low,0.3285276845538649,34.987219419196975,78.27840112201963,78.27840112201963,True,3,True,True,6.0,34.148886827458256,39.5687237026648,38.70967741935484,,4.663439094112067,0.0
s2_outline_159,4次,株式会社　ファーストライン,運輸業・郵便業,近畿,raw_low,0.6439495375475652,25.381618785440107,65.16173918247651,65.16173918247651,True,2,True,True,7.0,39.35528756957328,18.384759233286584,25.806451612903224,,4.2626798770413155,0.0
s2_outline_210,4次,南島酒販株式会社,卸売業・小売業,九州・沖縄,raw_low,0.3423134053728511,32.79034567416155,91.93548387096774,91.93548387096774,True,3,True,True,5.0,65.86270871985158,39.48106591865358,41.935483870967744,,4.74493212836325,0.0
s1_outline__190,2次,株式会社GOTENリゾート,宿泊業・飲食サービス業,九州・沖縄,raw_low,0.5664501075780611,41.333333333333336,78.57142857142857,78.57142857142857,True,3,True,True,3.0,28.57142857142857,26.0,61.904761904761905,2.1041341542702074,4.672828834461906,0.0
s1_outline_32,1次,オリヒロエンジニアリング株式会社,製造業,関東,middle,0.23781384816581533,32.29774074881811,67.00181042286306,67.00181042286306,True,1,True,False,10.0,22.55639097744361,44.445419445419446,3.6363636363636362,3.367295829986474,4.499809670330265,0.0
s1_outline_41,1次,株式会社ビッグハウス,,九州・沖縄,raw_low,0.5330308121640454,41.39093125935231,100.0,100.0,True,3,True,True,3.0,69.17293233082707,43.62056862056862,86.36363636363636,2.1972245773362196,3.7376696182833684,0.0
s1_outline_75,1次,株式会社伝食,卸売業・小売業,中部,middle,-0.08758938661036537,49.274583879847036,91.35338345864662,91.35338345864662,True,2,True,True,7.0,41.35338345864661,50.13601263601264,17.94871794871795,4.79081953287472,5.117993812416755,0.0
s1_outline_80,1次,寧薬化学工業株式会社,製造業,近畿,raw_low,0.5742907118973494,25.978318741476638,67.95835743204164,67.95835743204164,True,1,True,False,9.0,21.804511278195488,12.965075465075465,46.15384615384615,3.044522437723423,4.736198448394496,0.0
s1_outline_82,1次,サン工業株式会社,製造業,中部,raw_low,0.34632893119971736,29.310576810576816,66.37047163362952,66.37047163362952,True,2,True,True,10.0,39.097744360902254,19.265531765531765,27.27272727272727,2.920523695956236,5.3981627015177525,0.0
s1_outline_104,1次,ヤマダイ株式会社,製造業,関東,middle,0.20611038264940085,36.33916025738703,70.23809523809524,70.23809523809524,True,2,True,True,9.0,28.57142857142857,24.75868725868726,41.66666666666667,4.726546757154605,5.375278407684165,0.0
s1_outline_156,1次,株式会社ダイセイ,サービス業_他に分類されないもの,四国,raw_low,0.46175857672040505,43.476381371118215,100.0,100.0,True,3,True,True,2.0,43.609022556390975,53.14145314145314,92.72727272727272,2.9480519183187397,5.726847747587197,0.0
s1_outline_159,1次,浦島観光ホテル株式会社,宿泊業・飲食サービス業,近畿,raw_low,0.6260726019483146,21.8770667454878,56.50930150930151,56.50930150930151,True,2,True,True,11.0,3.007518796992481,26.50930150930151,30.0,3.591817741270805,5.4680601411351315,1.0
s2_outline_68,3次,三友プラントサービス株式会社,サービス業_他に分類されないもの,関東,middle,0.0012161872989318058,46.17565793490871,79.93222201868474,79.93222201868474,True,2,True,True,8.0,5.208333333333334,44.08316541491116,35.84905660377358,4.418840607796598,5.472270673671475,0.0
s2_outline_137,4次,株式会社　博多屋,宿泊業・飲食サービス業,九州・沖縄,raw_low,1.3686804958783794,22.976964596880446,22.072230014025248,22.072230014025248,False,0,False,False,10.0,2.272727272727273,4.867928938756428,17.20430107526882,2.307572634505085,4.060443010546419,0.0
s2_outline_171,4次,オギハラ食品株式会社,製造業,九州・沖縄,middle,0.2691151045500519,36.362750931474636,58.50864890135577,58.50864890135577,True,1,True,False,7.0,7.954545454545454,44.53015427769986,13.978494623655912,4.168577839786677,4.07753744390572,0.0
s2_outline_205,3次,八戸酒造株式会社,製造業,東北,raw_low,1.1040820900447583,31.46326054124047,55.27111192526104,55.27111192526104,True,1,True,False,4.0,3.125,5.271111925261037,79.7752808988764,2.33214389523559,3.6109179126442243,0.0
s2_outline_212,3次,キングパーツ株式会社,製造業,中国,raw_low,0.15814625014291453,32.26727397162687,66.37338187702265,66.37338187702265,True,3,True,True,8.0,30.208333333333332,36.16504854368932,30.18867924528302,3.8066624897703196,5.780743515792329,0.0
s2_outline_218,4次,株式会社エム・ケー・ケー,宿泊業・飲食サービス業,中部,raw_low,0.6639969210117852,25.51276360299268,74.7334455667789,74.7334455667789,True,2,True,True,7.0,35.22727272727273,7.012622720897616,39.50617283950617,2.8684669225081145,3.044522437723423,0.0
s1_outline__199,2次,株式会社ティー・シー・ピー,製造業,関東,middle,0.35897072764792676,52.12698412698413,100.0,100.0,True,2,True,True,1.0,57.14285714285714,10.0,100.0,,2.772588722239781,0.0
s1_outline_8,1次,サムテック株式会社,製造業,近畿,middle,-0.23109476833865109,48.918595629121945,82.33082706766916,82.33082706766916,True,2,True,True,9.0,32.33082706766917,57.186732186732186,11.818181818181818,,3.2188758248682006,0.0
s1_outline_46,1次,株式会社アイスコ,卸売業・小売業,関東,raw_high,-0.5069918892260191,50.49345660878688,81.29194630872483,81.29194630872483,True,2,True,True,2.0,96.2406015037594,18.094068094068096,31.29194630872483,,5.0689042022202315,0.0
s1_outline_81,1次,デーバー加工サービス㈱,製造業,関東,raw_low,0.4834757900529403,32.07625707625707,91.9050544050544,91.9050544050544,True,2,True,True,8.0,14.285714285714285,41.9050544050544,58.333333333333336,,5.278114659230517,0.0
s1_outline_170,1次,株式会社光製作所,製造業,近畿,raw_low,0.46351502594169397,26.75829347279365,92.10526315789474,92.10526315789474,True,3,True,True,8.0,42.10526315789473,33.42839592839593,56.780244364136976,,3.1354942159291497,0.0
s2_outline_16,3次,株式会社ヤマキ,製造業,中部,raw_low,0.3194962357599847,30.31366397997191,61.09635464370764,61.09635464370764,True,1,True,False,9.0,9.375,19.586920681443488,41.509433962264154,,4.330733340286331,0.0
s2_outline_32,3次,第一物産株式会社,卸売業・小売業,中部,raw_low,0.22018039887543905,35.471748997577905,100.0,100.0,True,3,True,True,4.0,72.91666666666666,50.549551199853454,68.53932584269663,,4.3694478524670215,0.0
s2_outline_42,3次,中央製乳株式会社,製造業,中部,raw_low,0.16562099368882457,40.27644206305591,79.98717713867009,79.98717713867009,True,2,True,True,8.0,18.75,31.873969591500277,48.113207547169814,,4.8283137373023015,0.0
s2_outline_48,3次,株式会社サンワ,運輸業・郵便業,中部,raw_low,0.19139146082219002,30.099695202621565,100.0,100.0,True,3,True,True,6.0,43.75,61.00934237039752,54.71698113207547,,6.059123195581797,0.0
s2_outline_70,3次,株式会社光製作所,製造業,中部,middle,0.06064237124298958,38.8929024650676,89.65355805243445,89.65355805243445,True,3,True,True,8.0,45.83333333333333,28.036270379190327,43.82022471910113,,4.844187086458591,0.0
s2_outline_87,3次,長野牛乳株式会社,製造業,中部,middle,-0.1130007256761389,45.032296853013236,67.4791628503389,67.4791628503389,True,2,True,True,8.0,31.25,36.22916285033889,17.97752808988764,,3.713572066704308,0.0
s2_outline_105,3次,株式会社シード,製造業,関東,middle,-0.000483454413371875,41.79045361758143,57.03616352201258,57.03616352201258,True,1,True,False,9.0,14.583333333333334,4.286499358856934,42.45283018867924,,6.721425700790643,0.0
s2_outline_106,3次,河淳株式会社,卸売業・小売業,関東,raw_high,-0.4786158613144548,56.22125033074841,77.35849056603773,77.35849056603773,True,2,True,True,4.0,82.29166666666666,23.1086279538377,27.358490566037734,,4.143134726391533,0.0
s2_outline_109,3次,株式会社ヤマイシ,卸売業・小売業,東北,middle,-0.09808742133406624,43.36440260091171,100.0,100.0,True,3,True,True,2.0,84.375,52.779813152592055,53.77358490566038,,5.402677381872279,0.0
s2_outline_116,4次,奥伊吹観光株式会社,生活関連サービス業・娯楽業,近畿,raw_low,0.30931399478245286,28.583616146924545,70.98765432098764,70.98765432098764,True,1,True,False,6.0,68.18181818181817,10.250116877045347,20.98765432098765,,3.9318256327243257,0.0
s2_outline_122,4次,杉プラスチック工業株式会社,製造業,九州・沖縄,middle,0.2685673307260042,38.43661014067746,99.21107994389902,99.21107994389902,True,3,True,True,4.0,60.22727272727273,49.21107994389902,45.16129032258064,,4.672828834461906,0.0
s2_outline_194,4次,リバードコーポレーション株式会社,製造業,中国,raw_low,0.7206719029251989,21.57579771534891,52.16222533894343,52.16222533894343,True,1,True,False,6.0,1.1363636363636365,2.162225338943432,50.617283950617285,,4.795790545596741,0.0
s2_outline_197,3次,株式会社ファイン,製造業,近畿,middle,-0.05831519511691366,39.821726608454945,97.16981132075472,97.16981132075472,True,2,True,True,3.0,77.08333333333334,21.41875801428833,47.16981132075472,,5.6240175061873385,0.0
s2_outline_206,4次,能勢酒造株式会社,製造業,近畿,raw_low,0.4856843653768335,33.159788629634356,79.80949041608227,79.80949041608227,True,3,True,True,6.0,29.545454545454547,35.72346891070593,44.086021505376344,,3.4657359027997265,0.0
s2_outline_216,3次,中本Fine Pack株式会社,製造業,関東,raw_low,0.3602293444160904,26.59351838320802,57.03708544389123,57.03708544389123,True,1,True,False,9.0,17.708333333333336,35.68877083714966,21.34831460674157,,4.174387269895637,0.0
s1_outline_25,1次,日本リファイン株式会社,製造業,中部,middle,0.2518991447774106,37.72984820097148,83.81883335080084,83.81883335080084,True,3,True,True,9.0,48.87218045112782,27.693927693927694,34.94665289967303,4.804021044733257,4.394449154672439,0.0
s2_outline_156,4次,上野ロジケム株式会社,運輸業・郵便業,関東,middle,0.06327396576425955,46.526449629535186,84.3475073313783,84.3475073313783,True,3,True,True,6.0,48.86363636363637,26.934315100514258,35.483870967741936,4.330733340286331,2.833213344056216,0.0
s1_outline_16,1次,株式会社旭ウエルテック,製造業,中部,raw_low,0.2547577070984989,51.8510881010881,67.98876798876799,67.98876798876799,True,1,True,False,,,17.98876798876799,85.45454545454545,,3.258096538021482,1.0
s1_outline_62,1次,サーパス工業株式会社,製造業,関東,middle,0.21130997522951417,27.874692874692872,17.061826709477714,17.061826709477714,False,0,False,False,,,11.692699192699191,5.369127516778524,,5.220355825078324,0.0
s1_outline_72,1次,ヤマセ電気株式会社,製造業,東北,not_eligible,,37.489363265369974,84.38048438048438,84.38048438048438,True,2,True,True,,,34.38048438048438,51.95749440715883,,4.060443010546419,0.0
s1_outline_85,1次,マルコ工業株式会社,製造業,関東,raw_low,0.29064302353797045,48.73763623763624,68.27395577395578,68.27395577395578,True,1,True,False,,,18.273955773955773,76.92307692307693,,4.553876891600541,0.0
s2_outline_3,3次,さくら不動産株式会社,不動産業・物品賃貸業,中部,raw_low,0.6262825645099,31.423754402069772,80.43139769188497,80.43139769188497,True,2,True,True,,,30.43139769188496,73.58490566037736,,2.6390573296152584,1.0
s2_outline_40,3次,株式会社英楽,製造業,九州・沖縄,raw_low,0.459410603920614,30.3917714884696,100.0,100.0,True,3,True,True,5.0,37.5,50.943396226415096,59.43396226415094,,3.58351893845611,0.0
s2_outline_85,3次,Ｌ物流株式会社,運輸業・郵便業,中国,raw_low,0.15174993171552434,42.094286194052636,72.59571350064114,72.59571350064114,True,1,True,False,4.0,11.458333333333332,22.595713500641143,73.58490566037736,,5.356586274672012,0.0
s2_outline_208,4次,NICHIRO株式会社,製造業,関東,middle,0.015033361659043768,54.13797866462662,95.16129032258064,95.16129032258064,True,3,True,True,5.0,32.95454545454545,59.566386161757826,45.16129032258065,,4.5217885770490405,0.0
s1_outline_95,1次,ナミックス株式会社,製造業,中部,middle,0.09250035192539137,34.28016077138884,52.865068654542334,52.865068654542334,True,1,True,False,10.0,40.04455583402952,4.703404703404704,12.82051282051282,6.284134161070802,6.687108607866515,0.0
s1_outline_162,1次,信光陸運株式会社,運輸業・郵便業,中部,middle,0.1446382397308794,49.34548355600987,92.15075465075465,92.15075465075465,True,3,True,True,7.0,31.871345029239762,42.15075465075465,66.36363636363637,3.3951793093365925,4.919980925828125,0.0
s2_outline_52,3次,株式会社GYXUS,製造業,中部,raw_high,-0.5099168709266354,49.76028173017837,90.65305000915919,90.65305000915919,True,2,True,True,6.0,67.70833333333334,40.65305000915919,4.716981132075472,0.35767444427181594,2.70805020110221,0.0
s2_outline_91,3次,ＫＩＤＯ　ＰＡＣＫＡＧＩＮＧ株式会社,製造業,近畿,middle,0.07117399130723594,45.59795495715536,65.78419811320755,65.78419811320755,True,2,True,True,9.0,40.3125,22.52701960065946,25.471698113207548,4.820281565605037,5.442417710521793,1.0
s2_outline_161,4次,株式会社デイリーエッグ,製造業,近畿,middle,0.03273622248043511,45.93733781466145,76.80890538033395,76.80890538033395,True,3,True,True,5.0,26.80890538033395,60.16245909303413,25.925925925925924,5.247024072160486,3.258096538021482,0.0
s1_outline_50,1次,株式会社松尾製作所,製造業,中部,middle,0.03633106414050332,34.73235025866605,59.91111583216846,59.91111583216846,True,1,True,False,10.0,44.77861319966583,15.132502632502632,9.090909090909092,,7.237778191923443,0.0
s2_outline_65,3次,ハビックス株式会社,製造業,中部,raw_low,0.1541496307575064,26.084810252182937,83.7654179642181,83.7654179642181,True,2,True,True,8.0,49.58333333333333,34.18208463088477,20.754716981132077,,5.3981627015177525,0.0
s2_outline_72,3次,ときわ製作所株式会社,製造業,中国,raw_low,0.2987971812791969,31.280026638253748,100.0,100.0,True,2,True,True,5.0,75.9375,73.978750686939,12.359550561797752,,4.0943445622221,0.0
s2_outline_140,3次,都吹株式会社,製造業,中国,middle,0.130895669999403,45.01442529019528,100.0,100.0,True,3,True,True,3.0,51.041666666666664,29.22696464553948,77.52808988764045,,5.765191102784844,0.0
s2_outline_200,4次,有限会社ワンプラスワン,運輸業・郵便業,中部,middle,0.23234594028238753,45.139062361312405,96.2778293135436,96.2778293135436,True,2,True,True,4.0,46.2778293135436,17.303646563814866,69.89247311827957,,5.017279836814924,0.0
s2_outline_19,3次,株式会社高木製作所,製造業,中部,not_eligible,,46.39013555596263,59.997252244000734,59.997252244000734,True,2,True,True,,,33.58215790437809,26.41509433962264,,4.59511985013459,1.0
s1_outline_36,1次,株式会社廣澤精機製作所,製造業,関東,not_eligible,,22.448750080329024,49.763832658569505,49.763832658569505,False,1,True,False,10.0,15.789473684210526,4.870129870129871,33.97435897435898,,,0.0
s1_outline_97,1次,フクシマガリレイ株式会社,製造業,近畿,not_eligible,,24.346486846486847,43.43989343989344,43.43989343989344,False,1,True,False,,,38.311688311688314,5.128205128205128,,,0.0
s1_outline_83,1次,株式会社ヒサダ,製造業,中部,not_eligible,,42.60721734405945,100.0,100.0,True,2,True,True,2.0,63.1578947368421,96.75324675324676,23.543123543123542,,,0.0
s2_outline_185,3次,三日月興業株式会社,宿泊業・飲食サービス業,関東,not_eligible,,38.39518328550202,100.0,100.0,True,3,True,True,2.0,41.66666666666667,75.72815533980582,80.18867924528303,,,0.0
s1_outline__184,2次,泉南乳業株式会社,製造業,近畿,middle,-0.006530525028647746,46.888888888888886,100.0,100.0,True,3,True,True,1.0,100.0,68.0,71.42857142857143,4.736198448394496,4.653960350157523,0.0
s1_outline__189,2次,長﨑ジャッキ株式会社,製造業,中部,raw_low,0.4015579450761968,44.063492063492056,100.0,100.0,True,3,True,True,3.0,33.33333333333333,54.0,52.38095238095239,2.5952547069568657,4.110873864173311,0.0
s1_outline_14,1次,日華化学株式会社,製造業,中部,middle,-0.14651753698629513,47.28631755963088,51.506915322704785,51.506915322704785,True,1,True,False,10.0,19.298245614035086,32.2086697086697,10.607038375494751,6.2166061010848646,5.8377304471659395,0.0
s1_outline_34,1次,株式会社柴田合成,製造業,関東,middle,0.14478959958764037,42.746590772906565,91.5057915057915,91.5057915057915,True,3,True,True,6.0,66.16541353383458,41.50579150579151,39.1025641025641,4.564348191467836,2.995732273553991,0.0
s1_outline_88,1次,株式会社創味食品,製造業,近畿,raw_high,-0.4302239242785772,53.00504024188234,44.680589680589684,44.680589680589684,False,1,True,False,11.0,8.270676691729323,28.316953316953317,16.363636363636363,5.8805329864007,5.303304908059076,0.0
s1_outline_107,1次,株式会社ササキ,製造業,中部,raw_low,0.43512517704897774,33.76602258181206,77.56410256410257,77.56410256410257,True,2,True,True,8.0,54.13533834586466,8.432783432783433,27.564102564102566,3.713572066704308,4.007333185232471,0.0
s1_outline_116,1次,株式会社かねふくめんたいパーク,製造業,中部,middle,0.0785993785899441,39.014252626933654,100.0,100.0,True,3,True,True,2.0,89.47368421052632,96.02492102492101,36.53846153846153,3.731268220605723,4.1588830833596715,0.0
s1_outline_127,1次,株式会社ユニワールド,卸売業・小売業,近畿,middle,0.06116721574988667,44.06018116544433,100.0,100.0,True,3,True,True,5.0,69.92481203007519,56.75675675675676,49.664429530201346,4.041295341132285,4.757891273005756,0.0
s1_outline_152,1次,ヤマトミシン製造株式会社,製造業,近畿,middle,0.20955446666677388,37.99209325525115,100.0,100.0,True,3,True,True,5.0,66.9172932330827,62.09634959634959,69.12751677852349,4.205757723607823,4.663439094112067,0.0
s2_outline_5,3次,奥長良川名水株式会社,製造業,中部,raw_low,0.45943692181354884,34.107729844700906,100.0,100.0,True,3,True,True,4.0,78.125,80.02381388532697,31.132075471698112,2.194999882314108,2.8903717578961645,0.0
s2_outline_94,3次,株式会社富士カーボン製造所,製造業,中部,middle,0.06492162398099696,41.453143127556935,59.28588874641264,59.28588874641264,True,2,True,True,9.0,33.33333333333333,25.952555413079317,19.81132075471698,3.1493113614822916,5.176149732573829,0.0
s2_outline_119,4次,株式会社群馬コイケ,製造業,関東,middle,0.20031426382231396,48.017311391384716,100.0,100.0,True,3,True,True,4.0,35.783858998144716,64.3349696119682,59.677419354838705,3.1467351470905185,4.219507705176107,0.0
s2_outline_148,4次,丹羽鋳造株式会社,製造業,中部,middle,-0.02289049987492009,46.0569934973862,100.0,100.0,True,3,True,True,3.0,92.04545454545455,51.22720897615708,55.55555555555556,4.4125738012350775,5.181783550292085,0.0
s2_outline_151,3次,株式会社清水インダストリ－,サービス業_他に分類されないもの,関東,raw_low,0.4686297797983509,33.86636104884923,100.0,100.0,True,3,True,True,7.0,50.0,50.435061366550656,33.9622641509434,2.70805020110221,4.02535169073515,0.0
s2_outline_209,3次,株式会社ファーストダウン,製造業,九州・沖縄,middle,-0.011018223446501654,31.648948471627904,88.50980032973072,88.50980032973072,True,2,True,True,8.0,56.25,38.509800329730716,14.606741573033707,4.046553898385752,5.942799375126701,0.0
s2_outline_214,3次,株式会社 八天堂,製造業,中国,middle,0.009556465719728553,43.35927164112271,100.0,100.0,True,3,True,True,5.0,64.58333333333334,50.036636746656896,62.92134831460674,3.8501476017100584,5.293304824724492,0.0
s2_outline_223,4次,三ッ和商事株式会社,製造業,関東,middle,0.1344137633536104,46.322977318769745,93.18181818181819,93.18181818181819,True,3,True,True,4.0,43.18181818181818,39.498597475455824,70.96774193548387,3.2296179214001026,4.110873864173311,0.0
s1_outline__197,2次,株式会社福山臨床検査センター,医療・福祉,中国,middle,0.023604142827599345,53.714285714285715,100.0,100.0,True,3,True,True,1.0,95.23809523809523,78.0,66.66666666666666,,6.0473721790462776,0.0
s1_outline__206,2次,上山製紙株式会社,製造業,東北,middle,0.21222450972742912,51.68253968253968,100.0,100.0,True,2,True,True,2.0,14.285714285714285,62.0,76.0,,4.6443908991413725,0.0
s1_outline_4,1次,株式会社インターオフィス,卸売業・小売業,関東,middle,-0.031399896642328985,53.79735069332384,100.0,100.0,True,3,True,True,4.0,78.19548872180451,63.91716391716392,82.05128205128204,,5.135798437050262,0.0
s1_outline_11,1次,大峰堂薬品工業株式会社,製造業,近畿,raw_low,0.2691091462406327,34.46497078076026,39.26161557740505,39.26161557740505,False,1,True,False,11.0,9.774436090225564,2.3122148122148123,29.48717948717949,,5.638354669333745,0.0
s1_outline_26,1次,日星電気株式会社,製造業,中部,middle,-0.021856909730866143,42.51811962338278,40.993330993331,40.993330993331,False,0,False,False,11.0,17.293233082706767,21.902421902421906,19.090909090909093,,5.476463551931511,0.0
s1_outline_28,1次,広陵化学工業株式会社,製造業,近畿,raw_low,0.6388631713884603,28.17313475208212,96.9945594945595,96.9945594945595,True,2,True,True,8.0,11.278195488721805,46.99455949455949,50.33557046979866,,3.713572066704308,0.0
s1_outline_33,1次,株式会社石井機械製作所,製造業,関東,raw_low,1.1083122221677368,26.82495314074261,100.0,100.0,True,2,True,True,5.0,1.5037593984962405,50.473850473850476,71.81208053691275,,4.624972813284271,0.0
s1_outline_37,1次,大日工業株式会社,製造業,中部,raw_low,0.6158754407404533,43.249662854926015,86.54791154791155,86.54791154791155,True,2,True,True,2.0,7.518796992481203,36.547911547911546,93.63636363636364,,4.343805421853684,0.0
s1_outline_65,1次,株式会社松風,製造業,近畿,middle,-0.10886170205090118,46.38953033689876,100.0,100.0,True,2,True,True,5.0,81.95488721804512,68.44945594945595,5.454545454545454,,5.10594547390058,0.0
s1_outline_71,1次,株式会社北四国グラビア印刷,製造業,四国,middle,0.1882489505234303,39.29952416794522,100.0,100.0,True,2,True,True,7.0,21.052631578947366,62.25868725868726,54.48717948717948,,4.927253685157205,0.0
s1_outline_94,1次,株式会社友和環境,サービス業_他に分類されないもの,関東,raw_low,0.9238509678125201,38.297848429427376,80.3001053001053,80.3001053001053,True,2,True,True,5.0,4.511278195488721,30.3001053001053,80.9090909090909,,3.044522437723423,0.0
s2_outline_12,3次,株式会社フルサワ,建設業,中国,middle,0.07559493625580105,50.99955985019642,100.0,100.0,True,2,True,True,4.0,8.333333333333332,59.644623557428105,74.05660377358491,,5.081404364984463,0.0
s2_outline_23,3次,大和鋼業株式会社,製造業,近畿,middle,0.022428178112675085,54.40722252752844,100.0,100.0,True,2,True,True,2.0,20.833333333333336,56.841912438175484,83.01886792452831,,4.912654885736052,0.0
s2_outline_25,3次,有限会社ホテル十勝屋,宿泊業・飲食サービス業,北海道,raw_low,0.14529336061796128,47.36056410412977,100.0,100.0,True,2,True,True,5.0,7.291666666666667,54.03920131892288,66.0377358490566,,4.3694478524670215,0.0
s2_outline_33,3次,株式会社浪速ポンプ製作所,製造業,近畿,middle,-0.042426650888579144,46.73904332295292,100.0,100.0,True,3,True,True,4.0,66.66666666666666,64.98900897600294,60.37735849056604,,5.438079308923196,0.0
s2_outline_96,3次,株式会社フォース,サービス業_他に分類されないもの,近畿,middle,0.00030471510978709776,57.57992662473794,100.0,100.0,True,3,True,True,2.0,62.5,56.979300238138855,76.41509433962264,,0.33647223662121295,0.0
s2_outline_101,3次,安藤パラケミー株式会社,卸売業・小売業,関東,raw_high,-0.47628537162156026,60.938358673749775,100.0,100.0,True,3,True,True,3.0,90.625,63.32203700311412,33.0188679245283,,4.727387818712341,0.0
s2_outline_103,3次,ベストアメニティ株式会社,製造業,九州・沖縄,middle,-0.25759445490723715,49.8195513016222,92.08646272211027,92.08646272211027,True,3,True,True,7.0,60.416666666666664,42.08646272211028,28.08988764044944,,4.61512051684126,0.0
s2_outline_158,4次,株式会社セントラルフード,製造業,関東,middle,0.16989100569946292,43.972722328763204,96.07293127629734,96.07293127629734,True,3,True,True,4.0,63.26530612244898,46.07293127629733,44.086021505376344,,4.820281565605037,0.0
s2_outline_178,4次,株式会社メタルテック,製造業,中部,raw_low,0.5581539427024075,21.85861458594044,68.51851851851852,68.51851851851852,True,1,True,False,6.0,13.636363636363635,56.59770920991117,18.51851851851852,,6.093569770045136,0.0
s2_outline_179,4次,株式会社クラスコ,不動産業・物品賃貸業,中部,raw_low,0.5266834408909943,29.846744154442458,90.86021505376344,90.86021505376344,True,2,True,True,5.0,12.5,63.82071061243572,40.86021505376344,,4.430816798843313,0.0
s2_outline_182,4次,株式会社北十,運輸業・郵便業,中部,raw_low,0.5402851668384624,45.34614232292275,100.0,100.0,True,3,True,True,3.0,56.81818181818182,52.51285647498831,74.07407407407408,,2.5649493574615367,0.0
s2_outline_190,3次,伊藤光学工業株式会社,製造業,中部,middle,-0.015981742486595483,47.66858749447419,83.46766807107528,83.46766807107528,True,2,True,True,7.0,23.958333333333336,48.5620076937168,34.90566037735849,,5.857933154483459,0.0
s2_outline_196,4次,岩手雪運株式会社,運輸業・郵便業,東北,middle,0.07342649436238605,37.84846346693783,59.09090909090909,59.09090909090909,True,1,True,False,7.0,9.090909090909092,50.43244506778869,8.641975308641975,,5.726847747587197,0.0
s2_outline_219,4次,株式会社ナリコマフード,製造業,近畿,raw_high,-0.69591533692522,66.13018331987477,80.10752688172043,80.10752688172043,True,2,True,True,5.0,67.04545454545455,11.93899018232819,30.107526881720432,,4.110873864173311,0.0
s1_outline__207,2次,株式会社ジェイ・イー・ティ,製造業,中国,raw_high,-0.20819440704615141,65.74603174603173,70.23809523809524,70.23809523809524,True,2,True,True,3.0,45.238095238095234,24.0,25.0,5.501258210544727,5.198497031265826,0.0
s1_outline_173,1次,中央紙通商株式会社,卸売業・小売業,中部,middle,0.14722428169836885,48.446029805678926,100.0,100.0,True,3,True,True,3.0,40.19771651350599,86.76289926289925,75.64102564102564,4.641509829766959,3.58351893845611,0.0
s2_outline_43,3次,近江鍛工株式会社,製造業,近畿,middle,-0.065715040010819,40.32278300228762,100.0,100.0,True,3,True,True,6.0,52.70833333333333,58.888990657629606,34.831460674157306,5.056245805348308,5.602118820879701,0.0
s2_outline_69,3次,松村フーズ株式会社,運輸業・郵便業,関東,middle,-0.04012026446557237,42.82542463007062,81.90144715149295,81.90144715149295,True,3,True,True,8.0,57.8125,31.901447151492945,27.358490566037734,5.702114417555504,2.3978952727983707,0.0
s2_outline_127,4次,株式会社キィポーション,製造業,中部,middle,-0.10405089225388124,55.893217820937714,100.0,100.0,True,2,True,True,5.0,61.2708719851577,57.91841982234689,18.27956989247312,3.736865765994958,4.51085950651685,0.0
s2_outline_184,4次,日電精密工業株式会社,製造業,中部,middle,0.022677924302583263,55.606294432431476,96.56965871902759,96.56965871902759,True,2,True,True,5.0,20.663265306122447,46.56965871902758,64.51612903225806,4.274858931480352,5.484796933490655,0.0
s1_outline_13,1次,株式会社アロン社,製造業,関東,raw_low,0.2694730889644962,41.80795847462514,99.73674973674974,99.73674973674974,True,3,True,True,7.0,37.17627401837928,49.736749736749736,51.28205128205128,,4.718498871295094,0.0
s1_outline_51,1次,株式会社西部技研,製造業,九州・沖縄,middle,0.061172342515508515,52.31380319099617,100.0,100.0,True,2,True,True,6.0,60.540239487607906,20.34485784485784,68.18181818181817,,5.541263545158426,0.0
s1_outline_74,1次,株式会社ユニシス,製造業,関東,middle,-0.014716625149541362,56.422291548277656,100.0,100.0,True,3,True,True,2.0,74.51963241436926,46.340821340821336,90.38461538461539,,5.351858133476067,0.0
s2_outline_113,4次,株式会社アダチ,卸売業・小売業,近畿,middle,0.07804400494831973,43.13867414448461,100.0,100.0,True,3,True,True,3.0,70.28061224489795,59.89364188873305,53.76344086021505,,4.02535169073515,0.0
s2_outline_143,4次,株式会社ライズクリエイション,卸売業・小売業,近畿,middle,-0.07482233741872299,56.863047930719745,100.0,100.0,True,3,True,True,4.0,82.85018552875695,43.75876577840113,62.365591397849464,,5.170483995038151,0.0
s2_outline_167,4次,株式会社カネヒロ,卸売業・小売業,関東,middle,0.08958328513893488,43.84655999124542,100.0,100.0,True,3,True,True,2.0,53.60621521335807,90.25829827021973,65.4320987654321,,4.418840607796598,0.0
s2_outline_193,4次,ソントン食品株式会社,製造業,関東,raw_high,-0.2916236980257802,53.487932318577485,93.59744184553841,93.59744184553841,True,2,True,True,5.0,49.710111317254174,43.887330528284245,19.753086419753085,,6.39024066706535,0.0
s2_outline_217,4次,院庄林業株式会社,製造業,中国,middle,-0.008591217710798855,51.01979277787399,90.06545114539504,90.06545114539504,True,3,True,True,5.0,39.18135435992579,49.205236091631605,40.86021505376344,,5.662960480135946,0.0
s2_outline_227,4次,株式会社トノックス,製造業,関東,middle,0.11498387422097506,44.43252905735374,100.0,100.0,True,3,True,True,3.0,66.09461966604823,47.40532959326788,73.11827956989248,,5.278114659230517,0.0
s1_outline__204,2次,メック株式会社,製造業,近畿,raw_low,0.5086831663472905,29.0,66.0,66.0,True,1,True,False,,,52.0,16.0,4.762173934797756,5.765191102784844,0.0
s1_outline_89,1次,京西テクノス株式会社,サービス業_他に分類されないもの,関東,middle,0.19664988469089484,37.03395877318519,87.04369954369955,87.04369954369955,True,3,True,True,8.0,29.32330827067669,37.043699543699546,52.56840474961281,5.081404364984463,3.4011973816621555,0.0
s1_outline_113,1次,トーアス株式会社,製造業,中部,middle,0.17558861503854603,44.05828368209152,100.0,100.0,True,3,True,True,5.0,48.1203007518797,74.52176202176202,63.979951815522284,4.696910364550807,3.828641396489095,0.0
s1_outline_118,1次,クリエイトワン株式会社,卸売業・小売業,中部,raw_low,0.4323950679755872,34.86765587834115,100.0,100.0,True,3,True,True,2.0,95.48872180451127,86.98666198666199,78.51058337635519,2.917770732084279,3.6635616461296463,0.0
s1_outline_146,1次,アオイ電子株式会社,製造業,四国,raw_high,-0.9184890110179894,69.6688793871768,67.05700060963218,67.05700060963218,True,2,True,True,10.0,27.819548872180448,39.23745173745174,10.467217346411978,5.920421181937871,6.597145701886651,0.0
s1_outline_147,1次,株式会社ｂｕｄ梱包出荷サポート,運輸業・郵便業,中部,raw_low,0.27164170366250245,43.20257445257445,72.16983466983467,72.16983466983467,True,2,True,True,,,34.99034749034749,37.17948717948718,2.7931937236261897,3.8918202981106265,0.0
s1_outline_177,1次,さいほく鉄工株式会社,不動産業・物品賃貸業,東北,middle,0.23412503759990413,40.2187243917198,100.0,100.0,True,3,True,True,4.0,90.97744360902256,56.82695682695683,63.98640509378764,3.166550419089516,3.4965075614664802,0.0
s2_outline_17,3次,日生流通運輸倉庫株式会社,運輸業・郵便業,関東,middle,-0.13361728358311648,49.06522231381408,87.73584905660377,87.73584905660377,True,2,True,True,6.0,6.25,61.5726323502473,37.73584905660377,4.454347296253507,4.948759890378168,0.0
s2_outline_81,3次,東亜薬品株式会社,製造業,中部,middle,-0.16147642245735402,50.70621145508946,36.84740795017402,36.84740795017402,False,1,True,False,10.0,2.083333333333333,5.243634365268364,31.60377358490566,5.375278407684165,6.46302945692067,0.0
s2_outline_108,3次,株式会社丸杉,卸売業・小売業,中部,raw_high,-0.7169121472893066,59.95915257169609,100.0,100.0,True,3,True,True,1.0,100.0,65.15845392929108,68.86792452830188,6.729824070489475,5.087596335232384,0.0
s1_outline__198,2次,ユニコム株式会社,製造業,四国,middle,0.1682838422102727,45.57936507936508,100.0,100.0,True,3,True,True,1.0,52.38095238095239,88.0,63.16666666666667,,3.4339872044851463,0.0
s1_outline_79,1次,スーパー工業株式会社,製造業,近畿,middle,0.07497580490161293,46.381321381321385,100.0,100.0,True,2,True,True,,,50.7020007020007,56.375838926174495,,4.770684624465665,0.0
s2_outline_26,3次,株式会社ティーケーシン,製造業,近畿,middle,0.11397662418397055,42.9299347662372,100.0,100.0,True,3,True,True,2.0,76.04166666666666,78.8193808389815,73.11320754716982,,3.8066624897703196,0.0
s2_outline_46,3次,カンケンテクノ株式会社,製造業,近畿,raw_low,0.32069226385027205,37.63504654719245,90.63473163583075,90.63473163583075,True,2,True,True,,,40.63473163583074,51.68539325842697,,6.100318952020064,0.0
s2_outline_60,3次,株式会社トッカコーポレーション,製造業,関東,middle,-0.04533702507126841,56.127495878366005,99.29016303352262,99.29016303352262,True,2,True,True,,,49.290163033522624,99.05660377358491,,5.278114659230517,0.0
s2_outline_120,4次,株式会社クボテック,製造業,関東,middle,0.025123312301544642,56.07689801238189,100.0,100.0,True,3,True,True,1.0,76.13636363636364,97.30014025245441,88.17204301075269,,2.4849066497880004,0.0
s2_outline_132,4次,株式会社コハラ,卸売業・小売業,中部,middle,0.07169883884205638,55.002337540906964,100.0,100.0,True,2,True,True,,,61.056568489948575,56.98924731182796,,4.31748811353631,0.0
s2_outline_181,4次,株式会社手原産業倉庫,運輸業・郵便業,近畿,raw_low,0.28343059978546664,41.880941249805204,100.0,100.0,True,3,True,True,2.0,59.09090909090909,45.82748948106592,91.93548387096774,,5.799092654460526,0.0
s1_outline_86,1次,グローバル・テック株式会社,学術研究・専門・技術サービス業,近畿,not_eligible,,40.814923380712855,91.75653294074345,91.75653294074345,True,3,True,True,7.0,47.368421052631575,42.857142857142854,44.38811188811189,3.672063861185374,,0.0
s1_outline__201,2次,株式会社イートアンドフーズ,製造業,近畿,not_eligible,,57.0,98.0,98.0,True,2,True,True,,,54.0,48.0,,5.117993812416755,0.0
s1_outline__183,2次,スズキハイテック株式会社,製造業,東北,middle,0.055959336735526645,53.20634920634921,88.0952380952381,88.0952380952381,True,3,True,True,3.0,38.095238095238095,62.0,36.0,4.039536325727106,5.25227342804663,0.0
s1_outline__202,2次,アライドコーヒーロースターズ株式会社,製造業,関東,raw_high,-0.34978458048529704,64.01587301587303,100.0,100.0,True,3,True,True,2.0,66.66666666666666,28.0,70.83333333333334,4.795790545596741,1.9459101490553132,0.0
s1_outline_12,1次,株式会社松岡,運輸業・郵便業,中国,raw_high,-0.461347989133069,64.90268808943011,100.0,100.0,True,2,True,True,7.0,50.891116680590365,11.482098982098982,57.472896231285496,6.398594934535208,6.226536669287466,0.0
s1_outline_61,1次,三恵工業株式会社,学術研究・専門・技術サービス業,近畿,raw_high,-0.4490802010292339,47.47378273694063,70.16635569267149,70.16635569267149,True,1,True,False,9.0,49.62406015037594,20.54229554229554,7.2727272727272725,5.198497031265826,5.7430031878094825,0.0
s1_outline_69,1次,NAX JAPAN株式会社,運輸業・郵便業,関東,middle,0.03790951979206816,50.006866059497646,100.0,100.0,True,2,True,True,4.0,84.21052631578947,23.47753597753598,64.54545454545455,4.634728988229636,5.3471075307174685,0.0
s1_outline_91,1次,矢田工業株式会社,建設業,東北,raw_low,0.2731924677400623,38.473768606672174,100.0,100.0,True,3,True,True,7.0,30.82706766917293,58.248508248508244,60.06926518671485,4.330733340286331,4.844187086458591,0.0
s1_outline_106,1次,株式会社シーエル,運輸業・郵便業,九州・沖縄,middle,0.04194193507936748,50.17943771917633,100.0,100.0,True,2,True,True,5.0,75.93984962406014,23.604773604773605,73.07692307692307,4.406719247264253,6.621405651764134,0.0
s1_outline_112,1次,株式会社八芳園,生活関連サービス業・娯楽業,関東,middle,-0.02379677779866819,55.48938969991602,68.4836137017345,68.4836137017345,True,1,True,False,10.0,12.030075187969924,24.188311688311686,44.29530201342282,4.462453883786496,6.042632833682381,0.0
s1_outline_121,1次,土佐鶴酒造株式会社,製造業,四国,raw_low,0.5947563751843529,30.80465290991607,100.0,100.0,True,3,True,True,5.0,51.127819548872175,71.73130923130924,42.72727272727273,2.504382426288657,4.276666119016055,0.0
s1_outline_128,1次,株式会社ただおザウルス,サービス業_他に分類されないもの,中国,raw_low,0.3657874684288414,40.30778728147149,100.0,100.0,True,3,True,True,4.0,74.43609022556392,68.54159354159353,82.6923076923077,1.9387416595767009,3.4011973816621555,0.0
s1_outline_130,1次,小林酒造株式会社,製造業,関東,middle,0.07136421461862165,51.943180890549314,100.0,100.0,True,3,True,True,3.0,84.9624060150376,73.8022113022113,53.205128205128204,2.5649493574615367,1.6094379124341003,0.0
s1_outline_134,1次,株式会社コンメックス,製造業,中部,middle,0.07945736794426857,45.952470952470954,100.0,100.0,True,3,True,True,3.0,87.21804511278195,86.85503685503687,46.308724832214764,2.5649493574615367,4.290459441148391,0.0
s1_outline_137,1次,総武機械株式会社,製造業,関東,middle,0.030712467485000634,47.334380887012465,100.0,100.0,True,3,True,True,3.0,70.67669172932331,79.72095472095472,52.72727272727272,3.1086144306106633,3.367295829986474,0.0
s1_outline_157,1次,ハマダコンフェクト株式会社,製造業,近畿,middle,-0.0781264080733169,56.47062357588673,75.22376272376273,75.22376272376273,True,2,True,True,4.0,2.2556390977443606,25.223762723762725,84.54545454545455,5.017279836814924,5.8971538676367405,0.0
s1_outline_158,1次,平和食品工業株式会社,製造業,関東,middle,-0.076101627221944,51.850418429365796,100.0,100.0,True,3,True,True,3.0,94.73684210526315,69.6998946998947,66.02564102564102,4.1588830833596715,4.02535169073515,0.0
s1_outline_174,1次,株式会社Ｐｌａｎ・Ｄｏ・Ｓｅｅ琉球,宿泊業・飲食サービス業,九州・沖縄,middle,-0.3560724380168821,62.20558523190103,100.0,100.0,True,2,True,True,4.0,19.548872180451127,70.28343278343279,79.48717948717949,3.171138306472755,4.2626798770413155,0.0
s2_outline_1,3次,株式会社角藤,建設業,中部,raw_high,-0.5352095070234112,56.593225798078464,100.0,100.0,True,3,True,True,2.0,97.91666666666666,53.453013372412535,49.43820224719101,6.429509778634399,5.860786223465865,0.0
s2_outline_11,3次,たまご＆ファーマーズ株式会社,卸売業・小売業,関東,raw_high,-0.45477577166418387,68.07615100445747,100.0,100.0,True,3,True,True,4.0,49.89583333333334,51.94632716614764,64.62264150943396,6.095824562432225,6.133398042996649,0.0
s2_outline_13,3次,フジセイコー株式会社,製造業,関東,raw_low,0.42790312256478313,34.85906937575054,100.0,100.0,True,3,True,True,6.0,47.91666666666667,60.09342370397509,50.0,2.5494451709255714,4.553876891600541,0.0
s2_outline_45,3次,株式会社田中食品興業所,製造業,近畿,middle,0.131631099022413,36.43626223769107,100.0,100.0,True,3,True,True,7.0,51.041666666666664,45.544055687854915,53.77358490566038,4.848273215041905,5.7899601708972535,0.0
s2_outline_58,3次,巴工業株式会社,製造業,関東,raw_high,-0.4192159037356855,53.897880700278705,97.19101123595505,97.19101123595505,True,3,True,True,5.0,68.75,44.71056970141051,47.19101123595505,6.161523727329737,5.652489180268651,1.0
s2_outline_66,3次,トクセン工業株式会社,製造業,近畿,middle,-0.22423827410480257,53.07837719566058,100.0,100.0,True,3,True,True,4.0,52.083333333333336,67.45740978201135,54.71698113207547,5.5254529391317835,4.718498871295094,0.0
s2_outline_84,3次,株式会社ジョヴィ,卸売業・小売業,近畿,middle,0.05091406571342318,61.76100628930817,100.0,100.0,True,2,True,True,2.0,95.0,1.8867924528301887,89.8876404494382,6.78332520060396,4.912654885736052,0.0
s2_outline_88,3次,モルツウェル株式会社,製造業,中国,middle,-0.06554753255764838,43.910678119423444,100.0,100.0,True,2,True,True,3.0,88.54166666666666,76.43341271295108,8.98876404494382,2.9391619220655967,5.075173815233827,0.0
s2_outline_104,3次,アイサービス株式会社,製造業,中国,middle,-0.20932193116530476,56.89533423770297,76.04166666666667,76.04166666666667,True,2,True,True,8.0,26.041666666666668,21.638578494229712,50.943396226415096,4.553876891600541,6.530877627725885,0.0
s2_outline_150,4次,株式会社玉子屋,宿泊業・飲食サービス業,関東,middle,-0.08957521822407334,54.43834676829067,98.75525946704067,98.75525946704067,True,3,True,True,4.0,52.27272727272727,48.75525946704067,46.913580246913575,3.9886255593524487,5.303304908059076,0.0
s2_outline_199,4次,日本毛織株式会社,製造業,近畿,raw_high,-0.8106975677316955,53.25892161446159,100.0,100.0,True,3,True,True,1.0,100.0,58.742402992052355,72.04301075268818,7.051855622955894,5.831882477283517,0.0
s2_outline_229,3次,オーディエー株式会社,卸売業・小売業,近畿,middle,-0.1267227636899947,50.65768048686166,100.0,100.0,True,3,True,True,6.0,53.125,55.04213225865543,52.83018867924528,4.786020072170884,5.14166355650266,0.0
s1_outline__182,2次,埼玉機器株式会社,製造業,関東,middle,-0.08662892750304789,80.22222222222221,100.0,100.0,True,3,True,True,2.0,100.0,52.0,52.0,,5.662960480135946,0.0
s1_outline__188,2次,山城金属株式会社,製造業,四国,middle,0.03475714321704467,57.111111111111114,100.0,100.0,True,3,True,True,1.0,71.42857142857143,56.0,90.47619047619048,,5.7430031878094825,0.0
s1_outline__205,2次,ヤマシンスチール株式会社,製造業,近畿,middle,-0.14025286860983974,59.08730158730159,100.0,100.0,True,3,True,True,2.0,90.47619047619048,64.0,54.166666666666664,,4.543294782270004,0.0
s1_outline_19,1次,株式会社XEN GROUP,製造業,四国,middle,0.010493664652577098,39.220835273466854,74.81203007518798,74.81203007518798,True,1,True,False,5.0,24.81203007518797,80.84854334854336,15.384615384615385,,3.1780538303479458,0.0
s1_outline_42,1次,株式会社山田ドビー,製造業,中部,middle,-0.3156027135279619,58.7937852067135,88.34586466165413,88.34586466165413,True,3,True,True,6.0,38.34586466165413,67.72551772551773,34.22818791946309,,2.5649493574615367,0.0
s2_outline_9,3次,株式会社マルト水谷,卸売業・小売業,中部,raw_high,-0.48723386877975683,57.76999046804244,100.0,100.0,True,3,True,True,3.0,86.45833333333334,59.09507235757465,40.44943820224719,,5.645446897643238,0.0
s2_outline_37,3次,ノーラエンジニアリング株式会社,製造業,関東,middle,0.10324332464636944,43.49026073151371,100.0,100.0,True,3,True,True,3.0,25.0,64.35244550283934,75.28089887640449,,4.844187086458591,1.0
s2_outline_49,3次,白鷺特殊鋼株式会社,卸売業・小売業,近畿,middle,-0.04911361770937759,51.31885927418534,100.0,100.0,True,3,True,True,5.0,58.333333333333336,61.14215057702876,56.60377358490566,,4.02535169073515,1.0
s2_outline_61,3次,株式会社川金コアテック,製造業,関東,middle,-0.10238288410988967,50.004452382406214,100.0,100.0,True,3,True,True,5.0,59.375,51.21817182634182,55.0561797752809,,5.209486152841421,0.0
s2_outline_73,3次,株式会社ライジング,製造業,近畿,middle,0.11084995149013528,49.87024485559016,87.4015387433596,87.4015387433596,True,3,True,True,1.0,29.166666666666668,37.401538743359595,95.28301886792453,,6.19644412779452,0.0
s2_outline_80,3次,株式会社レイズ,製造業,近畿,middle,-0.19211878314427,56.02719006330016,100.0,100.0,True,3,True,True,4.0,61.458333333333336,66.39036453562923,60.37735849056604,,4.709530201312334,0.0
s2_outline_93,3次,東亜工業株式会社,製造業,関東,middle,-0.09273213036684673,50.2128982045021,96.24015387433596,96.24015387433596,True,3,True,True,7.0,57.291666666666664,46.24015387433596,39.325842696629216,,5.556828061699537,0.0
s2_outline_97,3次,中村土建株式会社,建設業,関東,raw_high,-0.30228240248721094,55.23334100029296,100.0,100.0,True,3,True,True,2.0,95.83333333333334,87.9327715698846,25.280898876404496,,4.465908118654584,0.0
s2_outline_98,3次,ホーコス株式会社,製造業,中国,middle,-0.2853866920880392,50.16433543354284,100.0,100.0,True,3,True,True,3.0,91.66666666666666,56.93350430481774,44.9438202247191,,6.625392368007956,0.0
s2_outline_123,3次,東洋ケアサービス株式会社,卸売業・小売業,関東,middle,-0.040841653174883474,42.81780905508524,100.0,100.0,True,3,True,True,4.0,80.20833333333334,74.37717530683275,29.213483146067414,,4.653960350157523,0.0
s2_outline_188,3次,株式会社ユビタス,情報通信業,関東,raw_high,-0.652287446837126,67.50721285949807,69.10112359550561,69.10112359550561,True,1,True,False,5.0,12.5,72.6140318739696,19.101123595505616,,3.871201010907891,0.0
s2_outline_201,4次,ハムリー株式会社,学術研究・専門・技術サービス業,関東,middle,0.053160453864855635,43.386441554393876,100.0,100.0,True,3,True,True,3.0,53.40909090909091,62.69284712482469,51.61290322580645,,5.327876168789581,0.0
s2_outline_207,4次,ロートニッテン株式会社,製造業,中部,middle,-0.16307166918795318,46.599586326094034,100.0,100.0,True,3,True,True,4.0,69.31818181818183,65.3634876110332,37.634408602150536,,5.638354669333745,0.0
s2_outline_213,4次,ファインプラス株式会社,製造業,中部,middle,0.012859049557088666,43.822346366370056,100.0,100.0,True,3,True,True,4.0,51.13636363636363,80.00818139317437,31.182795698924732,,5.198497031265826,0.0
s2_outline_226,4次,日本海精錬株式会社,製造業,近畿,middle,-0.15017942328316547,47.34494311983793,100.0,100.0,True,2,True,True,2.0,81.81818181818183,86.51238896680692,15.053763440860216,,3.4657359027997265,0.0
s1_outline_7,1次,株式会社ＭＡＲＵＷＡ,製造業,中部,not_eligible,,57.754598778088706,71.30399680735252,71.30399680735252,True,1,True,False,,,46.32765882765883,24.976337979693685,,5.43372200355424,0.0
s1_outline_9,1次,株式会社Pale Blue,製造業,関東,not_eligible,,56.37592137592138,67.27272727272728,67.27272727272728,True,1,True,False,,,99.32432432432432,17.272727272727273,,4.442651256490317,0.0
s1_outline_169,1次,サトウ食品株式会社,製造業,中部,not_eligible,,64.73489646727901,84.71594084010192,84.71594084010192,True,2,True,True,,,35.59143559143559,49.124505248666324,,5.0689042022202315,0.0
s1_outline_87,1次,トーカロ株式会社,製造業,近畿,middle,-0.1885238852710643,44.48305448305448,77.30563783195362,77.30563783195362,True,2,True,True,9.0,36.39654692286271,24.74991224991225,40.909090909090914,5.998936561946683,7.025538314638521,0.0
s1_outline_149,1次,株式会社共同物流サービス,運輸業・郵便業,東北,middle,0.05385170894387891,42.878615466334765,93.32525582525584,93.32525582525584,True,3,True,True,7.0,38.79142300194931,45.24833274833276,48.07692307692308,4.074141854904581,6.60934924316738,0.0
s1_outline_150,1次,三笠産業株式会社,製造業,近畿,raw_high,-0.37487105071638815,58.944509558544645,95.45454545454545,95.45454545454545,True,2,True,True,7.0,12.99081035923141,62.95630045630046,45.45454545454545,4.795790545596741,4.875197323201151,0.0
s2_outline_90,3次,有価物回収協業組合　石坂グループ,サービス業_他に分類されないもの,九州・沖縄,middle,-0.15544895923588528,59.70292432476441,100.0,100.0,True,2,True,True,5.0,22.291666666666664,56.475544971606524,61.32075471698113,3.8431015599617244,3.258096538021482,0.0
s2_outline_125,4次,株式会社タンケンシールセーコウ,製造業,関東,middle,-0.023387442365217198,53.357738453828084,100.0,100.0,True,3,True,True,5.0,25.881261595547308,54.03225806451613,55.91397849462365,4.171151270461865,5.5254529391317835,0.0
s2_outline_166,4次,株式会社新潟食品運輸,運輸業・郵便業,中部,middle,0.16699488009971689,47.17016557064755,96.31261595547309,96.31261595547309,True,2,True,True,3.0,46.3126159554731,23.714352501168772,76.5432098765432,4.955122584165997,6.548219102762372,0.0
s1_outline_29,1次,株式会社三和テスコ,製造業,四国,middle,-0.33451005151535235,57.45923552941097,100.0,100.0,True,2,True,True,4.0,77.8473962684489,79.13741663741664,21.818181818181817,,1.9459101490553132,0.0
s2_outline_2,3次,ガイア株式会社,製造業,近畿,raw_high,-0.30459049551544054,65.96418227730541,100.0,100.0,True,3,True,True,3.0,51.770833333333336,70.22806374793919,64.04494382022472,,4.442651256490317,0.0
s2_outline_31,3次,アトム株式会社,卸売業・小売業,九州・沖縄,middle,-0.24527250187416053,56.93664641468727,100.0,100.0,True,3,True,True,4.0,59.16666666666667,77.27605788605972,44.339622641509436,,4.836281906951478,0.0
s2_outline_117,4次,瀬戸内海印刷株式会社,製造業,中国,middle,-0.12196760168316712,68.98453197263278,100.0,100.0,True,3,True,True,2.0,47.657699443413726,58.47358578775129,82.71604938271605,,4.110873864173311,0.0
s2_outline_118,4次,株式会社光洋,製造業,関東,raw_high,-0.18890284427362858,51.87603740123276,100.0,100.0,True,3,True,True,3.0,55.77458256029684,62.66362786348761,49.46236559139785,,5.176149732573829,0.0
s2_outline_133,4次,株式会社ユタカ,製造業,四国,middle,-0.02503949748222334,60.57863750710876,100.0,100.0,True,3,True,True,2.0,66.61641929499072,83.73071528751753,74.19354838709677,,5.288267030694535,0.0
s2_outline_138,4次,株式会社ジーケーエス,卸売業・小売業,中部,middle,-0.07956392985110167,63.908865322660155,100.0,100.0,True,3,True,True,1.0,47.18228200371057,97.84946236559139,61.29032258064516,,5.602118820879701,0.0
s2_outline_146,4次,セーレンアドバンストマテリアルズ株式会社,製造業,中部,middle,-0.047892290969093955,66.75134108639418,100.0,100.0,True,3,True,True,4.0,44.80519480519481,50.414913510986445,67.74193548387096,,4.07753744390572,0.0
s2_outline_162,4次,三恵株式会社,製造業,中部,middle,0.010171763744617665,52.067155222835446,89.62796995631098,89.62796995631098,True,3,True,True,5.0,47.692486085343226,41.555633473585786,41.935483870967744,,5.793013608384144,0.0
s2_outline_170,4次,鈴木鉄工株式会社,製造業,中部,middle,-0.13408203255482373,61.0618137552731,100.0,100.0,True,3,True,True,3.0,56.89935064935065,52.87517531556802,61.72839506172839,,3.6635616461296463,0.0
s2_outline_180,4次,株式会社森田あられ,製造業,九州・沖縄,middle,0.028970796677783933,57.22959422465757,99.17017297802711,99.17017297802711,True,3,True,True,5.0,42.78756957328386,49.17017297802711,54.83870967741935,,6.318968113746434,0.0
s2_outline_202,4次,東海デキストリン株式会社,製造業,中部,middle,0.02610465788199681,45.958188303159254,99.30426716141002,99.30426716141002,True,3,True,True,4.0,49.30426716141002,80.08999532491819,31.182795698924732,,2.4849066497880004,0.0
s2_outline_211,4次,アサヒプリテック株式会社,製造業,近畿,raw_low,0.4027245577445892,52.25850025851139,86.24768089053804,86.24768089053804,True,2,True,True,5.0,36.247680890538035,20.985273492286115,63.44086021505376,,6.3080984415095305,0.0
s1_outline_38,1次,テラル株式会社,製造業,中国,raw_high,-0.8071076311125029,64.96267824861961,100.0,100.0,True,3,True,True,4.0,91.72932330827066,54.51474201474201,54.932455687489245,,6.93828448401696,0.0
s1_outline_73,1次,株式会社大昌鉄工所,製造業,四国,middle,-0.1381606025144339,53.17396567396567,93.58974358974359,93.58974358974359,True,2,True,True,,,67.11126711126711,43.58974358974359,,4.976733742420574,0.0
s2_outline_6,3次,株式会社上野凮月堂,製造業,関東,middle,-0.3021197248532731,60.592599377175304,93.39622641509433,93.39622641509433,True,2,True,True,,,80.66037735849056,43.39622641509434,,5.204006687076795,0.0
s2_outline_78,3次,株式会社宮古島の雪塩,卸売業・小売業,九州・沖縄,middle,-0.02726059671937649,50.39339978832101,100.0,100.0,True,3,True,True,3.0,75.0,67.70928741527752,66.98113207547169,,4.6913478822291435,0.0
s2_outline_177,4次,八光エルアール株式会社,教育・学習支援業,近畿,raw_high,-0.4697892935180523,74.20576735092864,84.75073313782991,84.75073313782991,True,3,True,True,6.0,36.36363636363637,27.956989247311824,48.38709677419355,,3.871201010907891,0.0
s1_outline_55,1次,株式会社コーヨークリエイト,建設業,近畿,not_eligible,,47.206448522238,100.0,100.0,True,2,True,True,3.0,93.23308270676691,75.97402597402598,3.8461538461538463,3.4339872044851463,,0.0
s1_outline_56,1次,高知通運株式会社,不動産業・物品賃貸業,四国,not_eligible,,45.008405435374705,73.30827067669173,73.30827067669173,True,1,True,False,,23.308270676691727,,69.66528996730338,,1.3862943611198906,0.0
s1_outline_105,1次,中外医薬生産株式会社,製造業,中部,not_eligible,,45.14339826839827,54.87012987012987,54.87012987012987,True,1,True,False,,,4.870129870129871,86.82983682983684,,,0.0
s1_outline__191,2次,株式会社カナイ,卸売業・小売業,関東,raw_high,-0.2573292405428562,68.95238095238095,100.0,100.0,True,3,True,True,1.0,76.19047619047619,64.0,79.16666666666666,5.707110264748875,4.61512051684126,0.0
s1_outline_1,1次,株式会社岩崎電機製作所,製造業,近畿,middle,-0.15621954495678175,55.57120637039393,100.0,100.0,True,3,True,True,6.0,60.902255639097746,43.76535626535627,66.66666666666666,5.1298987149230735,5.602118820879701,0.0
s1_outline_5,1次,大森機械工業株式会社,製造業,関東,middle,-0.20617089429162902,50.85514769725296,86.36363636363637,86.36363636363637,True,3,True,True,8.0,51.8796992481203,35.49491049491049,36.36363636363637,5.407171771460119,6.530877627725885,0.0
s1_outline_10,1次,株式会社プレジィール,製造業,関東,raw_high,-1.4752998236203505,90.30418976551084,100.0,100.0,True,3,True,True,4.0,79.69924812030075,76.68480168480168,59.73154362416108,5.4116460518550396,6.734591659972948,0.0
s1_outline_21,1次,株式会社くまさんメディクス,製造業,九州・沖縄,raw_high,-0.4806148148010123,67.32412291402048,100.0,100.0,True,3,True,True,5.0,75.18796992481202,48.898736398736396,78.7192393736018,5.726847747587197,3.4339872044851463,0.0
s1_outline_48,1次,SINGS株式会社,製造業,中国,middle,-0.23982206104911152,63.73527491948545,100.0,100.0,True,3,True,True,4.0,56.390977443609025,77.26395226395226,75.0,3.5263605246161616,4.7535901911063645,0.0
s1_outline_92,1次,アサヒフォージ株式会社,製造業,中部,middle,-0.29956704738831713,61.74191621560043,68.28498078498079,68.28498078498079,True,2,True,True,9.0,0.7518796992481203,40.079852579852584,28.205128205128204,5.729018029257774,5.278114659230517,0.0
s1_outline_100,1次,マリンフード株式会社,製造業,近畿,raw_high,-0.7966734503032518,59.47105170789382,86.16619866619867,86.16619866619867,True,3,True,True,5.0,85.71428571428571,36.16619866619867,35.45454545454545,5.8944028342648505,5.420534999272286,0.0
s1_outline_115,1次,株式会社国際エキスプレス,運輸業・郵便業,関東,raw_high,-0.4228281919843681,71.12708845312166,100.0,100.0,True,3,True,True,6.0,57.89473684210527,34.086521586521584,78.18181818181819,4.653960350157523,5.429345628954441,0.0
s1_outline_117,1次,信越理研株式会社,製造業,中部,middle,-0.23911912084998588,62.758329863593026,100.0,100.0,True,3,True,True,6.0,53.383458646616546,62.54387504387504,58.97435897435898,3.912023005428146,4.867534450455582,0.0
s1_outline_122,1次,岸和田製鋼株式会社,製造業,近畿,raw_high,-0.6716494858860695,61.61153805890649,100.0,100.0,True,3,True,True,1.0,97.74436090225564,77.86942786942788,32.72727272727273,5.58724865840025,5.420534999272286,0.0
s1_outline_124,1次,株式会社シロ,宿泊業・飲食サービス業,関東,middle,-0.2761157524376859,67.12752342977234,100.0,100.0,True,3,True,True,3.0,65.39961013645224,54.03650403650404,85.38547582171743,5.2131515581757295,3.1780538303479458,0.0
s1_outline_125,1次,株式会社ミダック,サービス業_他に分類されないもの,中部,middle,0.0348411809260388,46.28186112938261,100.0,100.0,True,3,True,True,6.0,57.32386521860206,53.57142857142857,59.31423162966787,4.376322899257203,3.5263605246161616,0.0
s1_outline_135,1次,株式会社永井運送,運輸業・郵便業,九州・沖縄,middle,0.11362164933744712,52.560793876583354,100.0,100.0,True,3,True,True,1.0,82.70676691729322,77.03580203580204,94.54545454545455,3.624234260620405,5.351858133476067,0.0
s1_outline_138,1次,菅野包装資材株式会社,製造業,近畿,middle,-0.30689676470123667,68.5524764472133,98.21867321867322,98.21867321867322,True,3,True,True,4.0,44.3609022556391,48.21867321867322,83.33333333333334,3.794184968259207,5.627621113690637,0.0
s1_outline_148,1次,株式会社しばた工芸,製造業,関東,middle,0.02747025207389885,48.641441528230644,100.0,100.0,True,3,True,True,4.0,80.45112781954887,77.59301509301508,49.358974358974365,3.258096538021482,4.343805421853684,0.0
s1_outline_151,1次,四国医療サービス株式会社,製造業,四国,middle,-0.19460907360808857,59.495692390429234,100.0,100.0,True,2,True,True,3.0,10.526315789473683,55.8002808002808,87.82051282051282,4.756430979828675,6.249975242259483,0.0
s1_outline_167,1次,銘建工業株式会社,製造業,中国,middle,-0.275962911709756,60.48976864766339,75.56390977443608,75.56390977443608,True,2,True,True,8.0,25.563909774436087,19.835907335907336,71.15384615384616,5.707110264748875,5.940171252720432,0.0
s2_outline_34,3次,フタバ食品株式会社,製造業,関東,middle,-0.2772135706183559,60.128368116516754,74.64737131342737,74.64737131342737,True,1,True,False,5.0,1.0416666666666665,24.647371313427367,71.69811320754717,5.447168313280391,6.082218910376446,0.0
s2_outline_47,3次,INTLOOP株式会社,学術研究・専門・技術サービス業,関東,raw_high,-0.5527575247962865,63.5875643687285,100.0,100.0,True,3,True,True,2.0,91.97916666666667,92.81461806191611,47.16981132075472,5.605802066295998,3.091042453358316,0.0
s2_outline_51,3次,有楽製菓株式会社,製造業,関東,raw_high,-0.4782363369060749,65.60356352965096,100.0,100.0,True,3,True,True,2.0,79.16666666666666,77.69738047261403,60.67415730337079,5.111987788356544,6.137727054086234,0.0
s2_outline_152,4次,株式会社大熊製作所,製造業,関東,raw_high,-0.2280058288750044,62.0685584219946,91.9753086419753,91.9753086419753,True,3,True,True,4.0,39.77272727272727,68.20944366526415,41.9753086419753,3.337617065477331,4.859812404361672,0.0
s2_outline_153,4次,コモライフ株式会社,卸売業・小売業,近畿,raw_high,-0.5151932106246188,77.87889413064728,100.0,100.0,True,3,True,True,3.0,82.95454545454545,51.8700327255727,66.66666666666666,4.325363686305936,4.1588830833596715,0.0
s2_outline_154,4次,アルフレッド株式会社,学術研究・専門・技術サービス業,中部,middle,0.015186284180263762,56.209588220262994,100.0,100.0,True,3,True,True,1.0,75.0,51.14539504441328,97.53086419753086,2.0794415416798357,4.653960350157523,0.0
s2_outline_163,4次,MHT株式会社,製造業,九州・沖縄,middle,-0.16809746423033764,54.60229929023759,100.0,100.0,True,3,True,True,1.0,79.54545454545455,95.65801776531089,45.67901234567901,4.330733340286331,4.919980925828125,0.0
s2_outline_174,4次,ナカネ新建材株式会社,卸売業・小売業,中部,raw_high,-0.22641614049005357,59.50334339184269,100.0,100.0,True,3,True,True,3.0,72.72727272727273,71.96119682094437,38.70967741935484,4.189654742026425,4.330733340286331,0.0
s2_outline_176,4次,北アルプス飲料株式会社,製造業,中部,raw_high,-0.614013685908969,78.70485148613557,93.95161290322581,93.95161290322581,True,2,True,True,2.0,6.8181818181818175,43.95161290322581,98.76543209876543,2.6599681192832905,2.833213344056216,0.0
s2_outline_204,4次,新日本電工株式会社,製造業,関東,raw_high,-0.7014928033377522,59.89978751073722,100.0,100.0,True,3,True,True,2.0,50.60296846011131,52.88686302010285,75.80645161290323,6.586171654854675,6.687108607866515,0.0
s1_outline__208,2次,日本電波工業株式会社,製造業,関東,raw_high,-0.9677569831405702,76.41269841269842,100.0,100.0,True,3,True,True,1.0,85.71428571428571,88.0,29.166666666666668,,6.602587892189336,0.0
s1_outline_3,1次,株式会社堀場エステック,製造業,近畿,raw_high,-1.0824140141519871,68.90076297971035,100.0,100.0,True,3,True,True,4.0,67.66917293233082,84.2927342927343,28.846153846153843,,6.7357800142423265,0.0
s1_outline_22,1次,BBSジャパン株式会社,製造業,中部,middle,0.10149026597675236,42.00901437743543,83.26408536140079,83.26408536140079,True,2,True,True,9.0,16.541353383458645,34.270796770796764,48.99328859060403,,5.932245187448011,0.0
s1_outline_68,1次,株式会社ミマキエンジニアリング,製造業,中部,raw_high,-0.5927601082702649,66.47524831735359,100.0,100.0,True,3,True,True,1.0,99.24812030075188,47.5956475956476,73.63636363636363,,6.88653164253051,0.0
s1_outline_154,1次,中央観光株式会社,宿泊業・飲食サービス業,中部,middle,-0.04835947510856494,57.1170965907808,100.0,100.0,True,3,True,True,5.0,61.65413533834586,62.58775008775009,71.7948717948718,,5.293304824724492,0.0
s1_outline_166,1次,株式会社福地建設,建設業,近畿,raw_high,-0.8059503537931638,71.59123238070606,100.0,100.0,True,3,True,True,1.0,98.49624060150376,65.14566514566515,57.27272727272727,,3.5263605246161616,0.0
s2_outline_8,3次,牛乳石鹸共進社株式会社,製造業,近畿,raw_high,-0.5779362595327985,79.02740250554639,96.2584722476644,96.2584722476644,True,2,True,True,3.0,16.666666666666664,46.25847224766441,78.65168539325843,,5.783825182329737,0.0
s2_outline_14,3次,スギムラ化学工業株式会社,製造業,中部,middle,-0.3006640478141754,57.729145040809264,100.0,100.0,True,3,True,True,3.0,67.70833333333334,82.73035354460524,44.339622641509436,,5.262690188904886,0.0
s2_outline_62,3次,株式会社エネルギーギャップ,製造業,関東,raw_high,-1.0271617694002584,74.24074158881358,100.0,100.0,True,3,True,True,2.0,93.75,88.63802894302987,33.0188679245283,,4.418840607796598,0.0
s2_outline_67,3次,千代田空調機器株式会社,製造業,近畿,middle,-0.1543009486239549,49.69483170880693,100.0,100.0,True,3,True,True,3.0,87.5,89.84704158270745,38.20224719101123,,5.484796933490655,0.0
s2_outline_79,3次,大京株式会社,製造業,中部,raw_high,-0.5896460533330469,78.45485793083796,100.0,100.0,True,3,True,True,2.0,70.83333333333334,56.122916285033895,93.25842696629213,,6.335054251498059,0.0
s2_outline_160,4次,株式会社ダイドー,製造業,近畿,middle,-0.03856244016720847,62.99410367232448,100.0,100.0,True,3,True,True,2.0,95.91836734693877,63.10776063581113,72.8395061728395,,5.62040086571715,0.0
s2_outline_215,3次,昭和化工株式会社,製造業,近畿,middle,-0.23250207140883006,58.36042926054833,92.70833333333333,92.70833333333333,True,3,True,True,7.0,42.70833333333333,56.20534896501191,32.58426966292135,,5.081404364984463,0.0
s2_outline_220,4次,富田薬品株式会社,卸売業・小売業,九州・沖縄,raw_high,-0.6690422388769374,68.47275807264899,100.0,100.0,True,3,True,True,1.0,97.72727272727273,31.247078073866295,80.24691358024691,,7.146772179452637,0.0
s2_outline_230,4次,株式会社アイ・グラン・ソリューション,生活関連サービス業・娯楽業,中国,raw_high,-0.37967870838926876,71.06336860895065,96.89107059373539,96.89107059373539,True,3,True,True,5.0,37.5,46.89107059373539,60.75268817204301,,4.007333185232471,0.0
s2_outline_157,4次,株式会社ワイズマート,卸売業・小売業,関東,raw_high,-0.3486208097139945,72.62090220790883,100.0,100.0,True,3,True,True,1.0,71.02272727272728,45.24310425432445,98.9247311827957,6.37295453516643,7.195187320178709,0.0
s2_outline_231,4次,創建ホーム株式会社,建設業,中国,raw_high,-0.254219504884487,63.23704638045452,100.0,100.0,True,3,True,True,2.0,67.5556586270872,95.6638616175783,36.55913978494624,4.449451610988671,5.056245805348308,0.0
s2_outline_21,3次,健栄製薬株式会社,製造業,近畿,middle,-0.26709009241623693,62.16582325822801,84.61256640410332,84.61256640410332,True,2,True,True,3.0,22.1875,34.61256640410332,85.39325842696628,,6.52795791762255,0.0
s2_outline_39,3次,名古屋東部陸運株式会社,運輸業・郵便業,中部,middle,-0.2740720862170108,63.71957114652664,100.0,100.0,True,3,True,True,6.0,61.77083333333333,49.34053856017586,58.42696629213483,,5.968707559985366,0.0
s2_outline_191,4次,株式会社ビクトリー,製造業,中部,raw_high,-0.45819286913339274,79.60147168221702,100.0,100.0,True,2,True,True,3.0,53.08441558441558,18.413978494623656,84.94623655913979,,3.58351893845611,0.0
s1_outline_93,1次,ウイング株式会社,製造業,関東,not_eligible,,57.50720040193725,100.0,100.0,True,3,True,True,4.0,63.90977443609023,84.4155844155844,42.97202797202797,5.181783550292085,,0.0
s1_outline__194,2次,ZACROS株式会社,製造業,関東,not_eligible,,72.25,88.25,88.25,True,2,True,True,,,64.0,38.25,7.216709486709457,5.953243334287785,0.0
s1_outline_67,1次,アドバンス電気工業株式会社,製造業,中部,not_eligible,,52.38957468403777,99.72358722358723,99.72358722358723,True,2,True,True,,,49.723587223587224,55.15186714851144,,5.655991810819852,0.0
s2_outline_74,3次,株式会社山福,卸売業・小売業,近畿,not_eligible,,64.24921383647798,100.0,100.0,True,3,True,True,5.0,60.625,58.490566037735846,43.39622641509434,,5.783825182329737,1.0
s1_outline_23,1次,株式会社ジェーイーエル,製造業,中国,middle,-0.3095611952276017,61.96797505522338,100.0,100.0,True,2,True,True,5.0,70.37037037037037,75.12285012285011,19.738427120977455,4.983606621708336,3.258096538021482,0.0
s1_outline_123,1次,株式会社タケエイ,サービス業_他に分類されないもの,関東,raw_high,-0.6677165060586553,72.97852915125964,100.0,100.0,True,2,True,True,3.0,9.022556390977442,84.51210951210952,80.39278953708484,4.552591855769235,2.8903717578961645,0.0
s1_outline_153,1次,株式会社越後屋,宿泊業・飲食サービス業,関東,raw_high,-1.1559889842672733,76.47270776465406,100.0,100.0,True,3,True,True,1.0,100.0,60.99069849069849,68.94897607984856,3.58351893845611,5.963579343618446,0.0
s1_outline_155,1次,株式会社スギノマシン,製造業,中部,raw_high,-0.40515847293722673,57.83214533214534,100.0,100.0,True,2,True,True,,,80.42734292734293,62.17948717948718,5.373915905825851,7.003065458786462,0.0
s1_outline_168,1次,株式会社大真空,製造業,近畿,raw_high,-1.19408788221509,81.0597029534684,100.0,100.0,True,3,True,True,5.0,46.616541353383454,65.4001404001404,68.84357253484771,6.0666476197054875,3.4339872044851463,0.0
s1_outline_171,1次,昭和産業株式会社,製造業,関東,middle,-0.1882944109557645,58.9830088262621,100.0,100.0,True,3,True,True,5.0,65.41353383458647,71.21358371358372,47.33264498365169,4.674442485098175,4.605170185988092,0.0
s2_outline_22,3次,味覚糖株式会社,製造業,近畿,raw_high,-0.9220970030383925,77.39264669963974,100.0,100.0,True,2,True,True,7.0,21.875,57.77614947792636,54.71698113207547,5.753207357983724,6.459904454377535,0.0
s1_outline__192,2次,池田糖化工業株式会社,製造業,中国,raw_high,-1.4457818504155353,87.52777777777777,100.0,100.0,True,3,True,True,1.0,80.95238095238095,86.0,32.41666666666667,,4.709530201312334,0.0
s1_outline_30,1次,株式会社メイドー,製造業,中部,raw_high,-1.281321979150838,79.66420025542243,100.0,100.0,True,3,True,True,2.0,92.4812030075188,34.376096876096874,86.83316124591292,,7.3783837129967145,0.0
s1_outline_108,1次,株式会社ミラプロ,製造業,中部,middle,-0.3719937627840625,65.6454018954019,100.0,100.0,True,2,True,True,,,73.63548613548613,72.72727272727273,,6.651571873589727,0.0
s2_outline_41,3次,藤本化学製品株式会社,製造業,近畿,raw_high,-0.8992218362632828,85.97626752966558,98.95833333333333,98.95833333333333,True,3,True,True,6.0,48.95833333333333,60.185015570617324,48.11320754716981,,5.662960480135946,0.0
s2_outline_147,4次,株式会社　進和,製造業,中部,raw_high,-0.7137176326951865,71.21158995282417,100.0,100.0,True,3,True,True,1.0,98.86363636363636,59.852734922861146,72.04301075268818,,5.043425116919247,0.0
s1_outline_43,1次,丸井産業株式会社,製造業,中国,raw_high,-0.7976347528882783,70.6073975810818,89.84962406015038,89.84962406015038,True,2,True,True,5.0,39.849624060150376,22.266584766584764,79.86577181208054,6.396929655216146,7.430114138561801,0.0
s1_outline_99,1次,株式会社オーレック,製造業,九州・沖縄,raw_high,-0.4172157485002314,68.41390946654106,100.0,100.0,True,3,True,True,6.0,33.08270676691729,58.498595998596,67.94871794871796,5.303304908059076,5.655991810819852,0.0
s1_outline_101,1次,株式会社正興電機製作所,製造業,九州・沖縄,raw_high,-0.8015841386076398,65.63769682190735,100.0,100.0,True,2,True,True,3.0,93.98496240601504,23.35907335907336,67.78523489932886,5.2574953720277815,6.679599185844383,0.0
s1_outline_110,1次,株式会社菰下鎔断,製造業,近畿,middle,-0.27694982871451057,61.235647596474166,100.0,100.0,True,3,True,True,4.0,77.44360902255639,62.96946296946297,82.5503355704698,4.820281565605037,5.308267697401205,0.0
s1_outline_111,1次,株式会社向山工場,製造業,関東,raw_high,-0.39261964186064374,64.39133768081138,92.85714285714286,92.85714285714286,True,3,True,True,7.0,42.857142857142854,42.6026676026676,64.1025641025641,5.720859167745149,5.135798437050262,0.0
s1_outline_119,1次,株式会社フルヤ金属,製造業,関東,raw_high,-1.0310700395189523,69.1860640544851,100.0,100.0,True,3,True,True,4.0,86.46616541353383,72.21393471393472,37.27272727272727,6.181086474564796,6.068425588244111,0.0
s1_outline_136,1次,まねき食品株式会社,製造業,近畿,middle,-0.30215939894278016,64.98840577787946,100.0,100.0,True,3,True,True,3.0,58.64661654135338,79.91400491400492,60.89743589743589,3.889572876590554,5.267858159063328,0.0
s2_outline_63,3次,エックスサーバー株式会社,情報通信業,近畿,raw_high,-0.7969140857109202,89.46429964010457,100.0,100.0,True,3,True,True,1.0,96.875,92.3154423887159,93.39622641509435,4.356708826689592,2.772588722239781,0.0
s2_outline_187,4次,石坂産業株式会社,サービス業_他に分類されないもの,関東,raw_high,-0.27530304359044677,71.7996939946449,94.44444444444444,94.44444444444444,True,3,True,True,6.0,28.40909090909091,55.15427769985975,44.44444444444444,4.221857882521061,4.983606621708336,0.0
s1_outline_17,1次,進工業株式会社,製造業,近畿,raw_high,-0.5114598897587612,74.05192957824538,100.0,100.0,True,3,True,True,6.0,33.83458646616541,63.37750087750088,67.27272727272727,,5.365976015021851,0.0
s1_outline_132,1次,株式会社ヨシノ自動車,卸売業・小売業,関東,middle,-0.325059795981724,65.71621766414538,100.0,100.0,True,3,True,True,3.0,42.63436368699526,87.46489996489997,66.10523145758046,,2.3978952727983707,0.0
s2_outline_18,3次,DOWAパワーデバイス株式会社,製造業,中部,middle,-0.18525572122386372,56.64956951822679,100.0,100.0,True,3,True,True,4.0,46.875,64.55852720278439,61.32075471698113,,5.049856007249537,0.0
s2_outline_71,3次,至誠堂製薬株式会社,製造業,近畿,middle,-0.28286504099023513,67.83675276302131,100.0,100.0,True,3,True,True,2.0,25.0,78.2881480124565,81.13207547169812,,4.709530201312334,0.0
s2_outline_86,3次,ヤマトスチール株式会社,製造業,近畿,raw_high,-0.8993384518945703,78.94633734302172,100.0,100.0,True,3,True,True,3.0,73.95833333333334,57.09836966477377,73.03370786516854,,5.393627546352362,0.0
s2_outline_130,4次,株式会社ピカソナチュラルズ,製造業,関東,raw_high,-0.48417004404283054,79.72413475569157,100.0,100.0,True,3,True,True,4.0,54.54545454545454,48.04230949041609,54.83870967741935,,2.4849066497880004,0.0
s2_outline_186,3次,株式会社PXP,製造業,関東,raw_high,-0.8714930670079797,79.50345759296574,100.0,100.0,True,3,True,True,1.0,94.79166666666666,95.63106796116506,79.24528301886792,,3.6635616461296463,0.0
s2_outline_222,4次,株式会社 日本橋冷凍手島商店,製造業,関東,middle,-0.10979897493703639,67.28100389503415,98.55072463768116,98.55072463768116,True,3,True,True,4.0,34.72866419294991,48.55072463768116,72.04301075268818,,1.0986122886681098,0.0
s1_outline_84,1次,株式会社マグナ・ワイヤレス,,関東,raw_high,-1.1483031724070902,90.2897446318499,100.0,100.0,True,3,True,True,1.0,95.11278195488723,98.0124605124605,85.25641025641025,2.7536607123542622,3.1780538303479458,0.0
s1_outline_129,1次,株式会社浜屋,卸売業・小売業,関東,raw_high,-0.6474977266334491,75.79838211417159,100.0,100.0,True,3,True,True,2.0,69.4235588972431,88.85135135135135,90.0,5.4074721747650205,4.477336814478207,0.0
s2_outline_141,4次,古川電気工業株式会社,製造業,東北,middle,-0.12502721558630023,67.53873261754114,100.0,100.0,True,3,True,True,3.0,52.67857142857143,83.18139317438056,69.1358024691358,4.192378302493466,5.3471075307174685,1.0
s2_outline_144,4次,株式会社シー・エス・ケイ,製造業,関東,raw_high,-0.2579007005870148,70.14872260689732,100.0,100.0,True,3,True,True,1.0,85.57513914656772,66.94132772323516,81.48148148148148,4.5217885770490405,4.820281565605037,0.0
s2_outline_189,4次,吉田海運ロジソリューションズ株式会社,運輸業・郵便業,九州・沖縄,raw_high,-0.2506192182224924,76.23215200326223,100.0,100.0,True,3,True,True,1.0,77.85250463821893,74.00070126227209,88.17204301075269,4.174387269895637,6.5337888379333435,0.0
s2_outline_131,4次,株式会社中村畜産,卸売業・小売業,関東,raw_high,-0.35936702512530755,67.97318386178334,100.0,100.0,True,3,True,True,2.0,80.94851576994435,87.62856474988311,43.20987654320987,,3.8918202981106265,0.0
s2_outline_183,4次,ナカシマヘルスフォース株式会社,製造業,中国,middle,-0.16945593975120496,63.88142368518155,100.0,100.0,True,3,True,True,3.0,51.832096474953616,38.79733520336606,75.30864197530865,,6.054439346269371,0.0
s2_outline_225,4次,株式会社山本製作所,製造業,中国,raw_high,-0.18501859186974023,63.86257589298062,100.0,100.0,True,3,True,True,1.0,81.041280148423,89.72650771388498,53.086419753086425,,5.5053315359323625,0.0
s1_outline_131,1次,株式会社遠藤写真工芸所,製造業,近畿,raw_high,-0.8112794363485527,77.11213174683091,100.0,100.0,True,3,True,True,2.0,86.8978000556948,84.92892242892242,79.19463087248322,2.1127554207097696,4.343805421853684,0.0
s1_outline_109,1次,マイクロカット株式会社,製造業,九州・沖縄,middle,-0.27637654433669867,68.5415781468413,100.0,100.0,True,3,True,True,3.0,83.45864661654136,79.01017901017902,83.63636363636363,3.6888794541139363,5.564520407322694,0.0
s1_outline_120,1次,旭陽電気株式会社,製造業,中部,raw_high,-0.5307197834647067,77.87691027491452,100.0,100.0,True,3,True,True,2.0,86.57755499860764,88.19322569322568,88.29590431939425,4.110873864173311,5.717027701406222,0.0
s1_outline_126,1次,高末株式会社,運輸業・郵便業,中部,raw_high,-0.5141569651646721,73.56953883431571,100.0,100.0,True,3,True,True,2.0,67.19576719576719,92.71235521235522,81.68559628291172,4.983976416339572,3.9512437185814275,0.0
s1_outline_139,1次,川﨑工業株式会社,製造業,中部,middle,-0.25880250939804855,60.459394801500075,97.27272727272728,97.27272727272728,True,3,True,True,7.0,31.57894736842105,59.24885924885925,47.27272727272727,4.773223770984341,4.634728988229636,0.0
s2_outline_77,3次,株式会社やまみ,製造業,中国,raw_high,-0.48587263700831795,72.62598334045714,100.0,100.0,True,3,True,True,3.0,69.89583333333333,76.04414727972156,56.60377358490567,5.318119993844216,4.7535901911063645,0.0
s2_outline_82,3次,ハマダレクテック株式会社,製造業,九州・沖縄,raw_high,-0.6490400771014674,75.5423001770776,100.0,100.0,True,2,True,True,3.0,10.416666666666668,73.74061183366916,75.47169811320755,4.787491742782046,5.765191102784844,0.0
s2_outline_165,4次,株式会社南鐵建,建設業,中部,raw_high,-0.6196254122071267,75.62821411874708,100.0,100.0,True,3,True,True,1.0,89.77272727272727,89.13043478260869,62.96296296296296,5.27719972407027,4.770684624465665,0.0
s2_outline_173,3次,栄屋乳業株式会社,製造業,中部,raw_high,-0.6137864195127317,80.12653670798478,100.0,100.0,True,3,True,True,3.0,55.208333333333336,65.70800512914452,71.69811320754717,4.867534450455582,3.4339872044851463,0.0
s1_outline__203,2次,株式会社東映京都スタジオ,生活関連サービス業・娯楽業,近畿,raw_high,-0.30237229578935704,71.96825396825396,100.0,100.0,True,3,True,True,1.0,61.904761904761905,74.0,84.0,,4.7535901911063645,0.0
s1_outline_2,1次,株式会社アイ・テック,製造業,中部,raw_high,-1.031399370540786,86.14452285504917,100.0,100.0,True,3,True,True,1.0,96.99248120300751,90.08862758862759,90.9090909090909,,1.0986122886681098,0.0
s1_outline_114,1次,株式会社中西製作所,製造業,近畿,middle,-0.3692637050776244,64.95590509410715,100.0,100.0,True,3,True,True,3.0,54.88721804511278,86.06089856089856,70.4117191533299,5.905361848054571,4.127134385045092,0.0
s1_outline_140,1次,新生電子株式会社,製造業,近畿,raw_high,-0.3808853516755598,65.85018350957948,100.0,100.0,True,2,True,True,,,81.00649350649351,62.727272727272734,5.081404364984463,4.859812404361672,0.0
s1_outline_141,1次,共栄フード株式会社,製造業,関東,raw_high,-0.8862841463075983,78.85152469000933,96.47651006711409,96.47651006711409,True,3,True,True,6.0,30.075187969924812,70.14303264303264,46.47651006711409,4.995183189537334,4.727387818712341,0.0
s1_outline_145,1次,株式会社小松電業所,製造業,中部,raw_high,-0.453243730094059,66.46109964062985,96.04629151609018,96.04629151609018,True,3,True,True,6.0,37.59398496240601,68.53281853281852,46.04629151609018,5.049856007249537,4.605170185988092,0.0
s2_outline_89,3次,北海道乳業株式会社,製造業,北海道,raw_high,-0.7958572272471561,83.67419500926097,100.0,100.0,True,3,True,True,5.0,40.625,63.84869023630701,54.716981132075475,5.857933154483459,5.720311776607412,0.0
s2_outline_139,4次,株式会社エルス,運輸業・郵便業,九州・沖縄,raw_high,-0.2459238416158989,75.68826268235205,100.0,100.0,True,3,True,True,1.0,97.95918367346938,84.32094436652642,76.34408602150538,,5.53338948872752,0.0
s1_outline_24,1次,株式会社フジキン,製造業,近畿,not_eligible,,72.8761222679008,100.0,100.0,True,2,True,True,,,77.2025272025272,58.991567716399935,6.729824070489475,6.293419278846481,0.0
s2_outline_234,3次,日本エア・リキード合同会社,製造業,関東,raw_high,-1.6315445377146416,87.59311839775295,100.0,100.0,True,3,True,True,1.0,89.58333333333334,97.10111742077304,40.094339622641506,,5.501258210544727,0.0
s1_outline_143,1次,株式会社ロッキー,卸売業・小売業,九州・沖縄,not_eligible,,66.22993651097678,100.0,100.0,True,2,True,True,,,73.71884871884872,54.213990707279294,,6.163314804034641,1.0
