case_id,round,company,is_clean,current9_observed_n,current9_below_n,current9_below_share,current9_flag,directional8_no13_observed_n,directional8_no13_below_n,directional8_no13_below_share,directional8_no13_flag,without_no8_observed_n,without_no8_below_n,without_no8_below_share,without_no8_flag,without_no14_observed_n,without_no14_below_n,without_no14_below_share,without_no14_flag,old7_no8_no14_observed_n,old7_no8_no14_below_n,old7_no8_no14_below_share,old7_no8_no14_flag,no8_no13_no14_observed_n,no8_no13_no14_below_n,no8_no13_no14_below_share,no8_no13_no14_flag,direct_or_near_direct5_observed_n,direct_or_near_direct5_below_n,direct_or_near_direct5_below_share,direct_or_near_direct5_flag,direct_comparable3_observed_n,direct_comparable3_below_n,direct_comparable3_below_share,direct_comparable3_flag
s1_outline__181,2次,株式会社ホテルニューアワジ,True,8,5.0,0.625,True,7,5.0,0.7142857142857143,True,7,5.0,0.7142857142857143,True,7,4.0,0.5714285714285714,False,6,4.0,0.6666666666666666,True,5,4.0,0.8,True,4,3.0,0.75,True,3,3.0,1.0,True
s1_outline__195,2次,アシザワ・ファインテック株式会社,True,8,4.0,0.5,False,7,4.0,0.5714285714285714,False,7,3.0,0.42857142857142855,False,7,3.0,0.42857142857142855,False,6,2.0,0.3333333333333333,False,5,2.0,0.4,False,4,2.0,0.5,False,3,2.0,0.6666666666666666,True
s1_outline__196,1次,株式会社八立製作所,True,8,3.0,0.375,False,8,3.0,0.375,False,7,2.0,0.2857142857142857,False,7,3.0,0.42857142857142855,False,6,2.0,0.3333333333333333,False,6,2.0,0.3333333333333333,False,5,2.0,0.4,False,3,1.0,0.3333333333333333,False
s2_outline_99,3次,株式会社シュゼット・ホールディングス,False,6,5.0,0.8333333333333334,True,5,5.0,1.0,True,5,4.0,0.8,True,5,4.0,0.8,True,4,3.0,0.75,False,3,3.0,1.0,False,2,2.0,1.0,False,2,2.0,1.0,False
s2_outline_128,3次,株式会社タカラ倉庫運輸サービス,False,6,2.0,0.3333333333333333,False,6,2.0,0.3333333333333333,False,5,2.0,0.4,False,5,1.0,0.2,False,4,1.0,0.25,False,4,1.0,0.25,False,3,1.0,0.3333333333333333,False,3,1.0,0.3333333333333333,False
s2_outline_24,3次,高知食糧株式会社,False,8,6.0,0.75,True,8,6.0,0.75,True,7,5.0,0.7142857142857143,True,7,5.0,0.7142857142857143,True,6,4.0,0.6666666666666666,True,6,4.0,0.6666666666666666,True,5,3.0,0.6,True,3,2.0,0.6666666666666666,True
s2_outline_149,4次,株式会社サン海苔,True,8,6.0,0.75,True,8,6.0,0.75,True,7,5.0,0.7142857142857143,True,7,5.0,0.7142857142857143,True,6,4.0,0.6666666666666666,True,6,4.0,0.6666666666666666,True,5,3.0,0.6,True,3,2.0,0.6666666666666666,True
s2_outline_172,4次,株式会社環境整備産業,True,8,6.0,0.75,True,8,6.0,0.75,True,7,5.0,0.7142857142857143,True,7,5.0,0.7142857142857143,True,6,4.0,0.6666666666666666,True,6,4.0,0.6666666666666666,True,5,3.0,0.6,True,3,1.0,0.3333333333333333,False
s1_outline_27,1次,株式会社クラタ,True,8,1.0,0.125,False,7,0.0,0.0,False,7,1.0,0.14285714285714285,False,7,1.0,0.14285714285714285,False,6,1.0,0.16666666666666666,False,5,0.0,0.0,False,4,0.0,0.0,False,3,0.0,0.0,False
s1_outline_39,1次,株式会社ハウゼコ,True,8,3.0,0.375,False,7,2.0,0.2857142857142857,False,7,3.0,0.42857142857142855,False,7,3.0,0.42857142857142855,False,6,3.0,0.5,False,5,2.0,0.4,False,4,2.0,0.5,False,3,2.0,0.6666666666666666,True
s1_outline_49,1次,株式会社ＡＫシステム,True,8,3.0,0.375,False,7,3.0,0.42857142857142855,False,7,2.0,0.2857142857142857,False,7,3.0,0.42857142857142855,False,6,2.0,0.3333333333333333,False,5,2.0,0.4,False,4,2.0,0.5,False,3,1.0,0.3333333333333333,False
s1_outline_63,1次,株式会社オティックスホールディングス,True,8,5.0,0.625,True,7,5.0,0.7142857142857143,True,7,4.0,0.5714285714285714,False,7,4.0,0.5714285714285714,False,6,3.0,0.5,False,5,3.0,0.6,True,4,2.0,0.5,False,3,2.0,0.6666666666666666,True
s1_outline_164,1次,株式会社福砂屋グループ,False,8,2.0,0.25,False,7,2.0,0.2857142857142857,False,7,2.0,0.2857142857142857,False,7,1.0,0.14285714285714285,False,6,1.0,0.16666666666666666,False,5,1.0,0.2,False,4,1.0,0.25,False,3,1.0,0.3333333333333333,False
s2_outline_145,4次,株式会社シャノワール,True,8,4.0,0.5,False,7,4.0,0.5714285714285714,False,7,3.0,0.42857142857142855,False,7,3.0,0.42857142857142855,False,6,2.0,0.3333333333333333,False,5,2.0,0.4,False,4,1.0,0.25,False,3,0.0,0.0,False
s1_outline__179,1次,アサヒセイレン中部株式会社,False,7,4.0,0.5714285714285714,False,7,4.0,0.5714285714285714,False,6,4.0,0.6666666666666666,True,6,3.0,0.5,False,5,3.0,0.6,True,5,3.0,0.6,True,4,3.0,0.75,True,3,3.0,1.0,True
s1_outline__200,1次,株式会社イズミテクノ,True,7,3.0,0.42857142857142855,False,7,3.0,0.42857142857142855,False,6,3.0,0.5,False,6,3.0,0.5,False,5,3.0,0.6,True,5,3.0,0.6,True,4,3.0,0.75,True,3,3.0,1.0,True
s1_outline_40,1次,千代田鋼鉄工業株式会社,True,7,2.0,0.2857142857142857,False,7,2.0,0.2857142857142857,False,6,2.0,0.3333333333333333,False,6,2.0,0.3333333333333333,False,5,2.0,0.4,False,5,2.0,0.4,False,4,2.0,0.5,False,3,2.0,0.6666666666666666,True
s1_outline_45,1次,山本ビニター株式会社,False,7,1.0,0.14285714285714285,False,7,1.0,0.14285714285714285,False,6,1.0,0.16666666666666666,False,6,1.0,0.16666666666666666,False,5,1.0,0.2,False,5,1.0,0.2,False,4,1.0,0.25,False,3,1.0,0.3333333333333333,False
s1_outline_47,1次,ポーライト株式会社,False,7,1.0,0.14285714285714285,False,7,1.0,0.14285714285714285,False,6,1.0,0.16666666666666666,False,6,1.0,0.16666666666666666,False,5,1.0,0.2,False,5,1.0,0.2,False,4,1.0,0.25,False,3,1.0,0.3333333333333333,False
s1_outline_66,1次,株式会社アルプスツール,True,7,0.0,0.0,False,7,0.0,0.0,False,6,0.0,0.0,False,6,0.0,0.0,False,5,0.0,0.0,False,5,0.0,0.0,False,4,0.0,0.0,False,3,0.0,0.0,False
s1_outline_102,1次,冬木工業株式会社,False,7,2.0,0.2857142857142857,False,7,2.0,0.2857142857142857,False,6,2.0,0.3333333333333333,False,6,1.0,0.16666666666666666,False,5,1.0,0.2,False,5,1.0,0.2,False,4,1.0,0.25,False,3,1.0,0.3333333333333333,False
s1_outline_103,1次,オーケー化成株式会社,False,7,2.0,0.2857142857142857,False,7,2.0,0.2857142857142857,False,6,2.0,0.3333333333333333,False,6,2.0,0.3333333333333333,False,5,2.0,0.4,False,5,2.0,0.4,False,4,2.0,0.5,False,3,2.0,0.6666666666666666,True
s2_outline_15,3次,賀谷セロファン株式会社,False,7,4.0,0.5714285714285714,False,7,4.0,0.5714285714285714,False,6,3.0,0.5,False,6,3.0,0.5,False,5,2.0,0.4,False,5,2.0,0.4,False,4,1.0,0.25,False,3,0.0,0.0,False
s2_outline_30,3次,東洋スクリーン工業株式会社,True,7,4.0,0.5714285714285714,False,7,4.0,0.5714285714285714,False,6,3.0,0.5,False,6,4.0,0.6666666666666666,True,5,3.0,0.6,True,5,3.0,0.6,True,4,3.0,0.75,True,3,2.0,0.6666666666666666,True
s2_outline_83,3次,株式会社キド,True,7,3.0,0.42857142857142855,False,7,3.0,0.42857142857142855,False,6,2.0,0.3333333333333333,False,6,3.0,0.5,False,5,2.0,0.4,False,5,2.0,0.4,False,4,2.0,0.5,False,3,1.0,0.3333333333333333,False
s2_outline_95,3次,山崎商事運輸株式会社,False,7,5.0,0.7142857142857143,True,7,5.0,0.7142857142857143,True,6,4.0,0.6666666666666666,True,6,4.0,0.6666666666666666,True,5,3.0,0.6,True,5,3.0,0.6,True,4,2.0,0.5,False,3,1.0,0.3333333333333333,False
s2_outline_110,3次,学校法人花沢学園,False,7,3.0,0.42857142857142855,False,7,3.0,0.42857142857142855,False,6,2.0,0.3333333333333333,False,6,3.0,0.5,False,5,2.0,0.4,False,5,2.0,0.4,False,4,2.0,0.5,False,3,1.0,0.3333333333333333,False
s2_outline_155,4次,信和化工株式会社,False,7,4.0,0.5714285714285714,False,7,4.0,0.5714285714285714,False,6,3.0,0.5,False,6,3.0,0.5,False,5,2.0,0.4,False,5,2.0,0.4,False,4,1.0,0.25,False,3,0.0,0.0,False
s2_outline_164,4次,株式会社東豊精工,False,7,3.0,0.42857142857142855,False,7,3.0,0.42857142857142855,False,6,2.0,0.3333333333333333,False,6,3.0,0.5,False,5,2.0,0.4,False,5,2.0,0.4,False,4,2.0,0.5,False,3,1.0,0.3333333333333333,False
s2_outline_192,4次,フクビ岡山株式会社,False,7,5.0,0.7142857142857143,True,7,5.0,0.7142857142857143,True,6,5.0,0.8333333333333334,True,6,4.0,0.6666666666666666,True,5,4.0,0.8,True,5,4.0,0.8,True,4,3.0,0.75,True,3,2.0,0.6666666666666666,True
s2_outline_228,4次,株式会社ベネフル,False,7,3.0,0.42857142857142855,False,6,3.0,0.5,False,6,2.0,0.3333333333333333,False,6,3.0,0.5,False,5,2.0,0.4,False,4,2.0,0.5,False,3,2.0,0.6666666666666666,False,3,2.0,0.6666666666666666,True
s1_outline_20,1次,エスティケイテクノロジー株式会社,False,6,1.0,0.16666666666666666,False,6,1.0,0.16666666666666666,False,5,1.0,0.2,False,5,1.0,0.2,False,4,1.0,0.25,False,4,1.0,0.25,False,3,1.0,0.3333333333333333,False,2,1.0,0.5,False
s1_outline_35,1次,イグス株式会社,True,6,1.0,0.16666666666666666,False,6,1.0,0.16666666666666666,False,5,1.0,0.2,False,5,1.0,0.2,False,4,1.0,0.25,False,4,1.0,0.25,False,3,1.0,0.3333333333333333,False,2,1.0,0.5,False
s1_outline_52,1次,株式会社平島,False,6,1.0,0.16666666666666666,False,6,1.0,0.16666666666666666,False,5,1.0,0.2,False,5,0.0,0.0,False,4,0.0,0.0,False,4,0.0,0.0,False,3,0.0,0.0,False,2,0.0,0.0,False
s1_outline_53,1次,マルコーフーズ株式会社,False,6,2.0,0.3333333333333333,False,6,2.0,0.3333333333333333,False,5,1.0,0.2,False,5,1.0,0.2,False,4,0.0,0.0,False,4,0.0,0.0,False,3,0.0,0.0,False,2,0.0,0.0,False
s1_outline_96,1次,大岡技研株式会社,False,6,3.0,0.5,False,6,3.0,0.5,False,5,3.0,0.6,True,5,3.0,0.6,True,4,3.0,0.75,False,4,3.0,0.75,False,3,3.0,1.0,False,3,3.0,1.0,True
s2_outline_35,3次,株式会社北海道ちぬやファーム,False,6,5.0,0.8333333333333334,True,6,5.0,0.8333333333333334,True,5,4.0,0.8,True,5,4.0,0.8,True,4,3.0,0.75,False,4,3.0,0.75,False,3,2.0,0.6666666666666666,False,3,2.0,0.6666666666666666,True
s2_outline_195,4次,株式会社レクザム,False,6,5.0,0.8333333333333334,True,6,5.0,0.8333333333333334,True,5,4.0,0.8,True,5,4.0,0.8,True,4,3.0,0.75,False,4,3.0,0.75,False,3,2.0,0.6666666666666666,False,2,2.0,1.0,False
s2_outline_232,3次,株式会社モリシタ,False,6,4.0,0.6666666666666666,True,6,4.0,0.6666666666666666,True,5,3.0,0.6,True,5,3.0,0.6,True,4,2.0,0.5,False,4,2.0,0.5,False,3,1.0,0.3333333333333333,False,3,1.0,0.3333333333333333,False
s2_outline_27,3次,株式会社ライト製作所,True,6,2.0,0.3333333333333333,False,5,2.0,0.4,False,5,2.0,0.4,False,5,1.0,0.2,False,4,1.0,0.25,False,3,1.0,0.3333333333333333,False,2,0.0,0.0,False,1,0.0,0.0,False
s1_outline_58,1次,三晶エムイーシー株式会社,True,5,1.0,0.2,False,5,1.0,0.2,False,4,1.0,0.25,False,4,1.0,0.25,False,3,1.0,0.3333333333333333,False,3,1.0,0.3333333333333333,False,2,1.0,0.5,False,2,1.0,0.5,False
s1_outline_77,1次,千寿製薬株式会社,True,5,3.0,0.6,True,5,3.0,0.6,True,4,2.0,0.5,False,4,2.0,0.5,False,3,1.0,0.3333333333333333,False,3,1.0,0.3333333333333333,False,2,1.0,0.5,False,2,1.0,0.5,False
s1_outline_70,1次,協和工業株式会社,True,9,3.0,0.3333333333333333,False,8,2.0,0.25,False,8,3.0,0.375,False,8,3.0,0.375,False,7,3.0,0.42857142857142855,False,6,2.0,0.3333333333333333,False,5,2.0,0.4,False,3,1.0,0.3333333333333333,False
s1_outline_76,1次,安田工業株式会社,False,9,5.0,0.5555555555555556,False,8,4.0,0.5,False,8,5.0,0.625,True,8,5.0,0.625,True,7,5.0,0.7142857142857143,True,6,4.0,0.6666666666666666,True,5,4.0,0.8,True,3,3.0,1.0,True
s2_outline_134,4次,池田薬品工業株式会社,False,9,5.0,0.5555555555555556,False,8,5.0,0.625,True,8,5.0,0.625,True,8,4.0,0.5,False,7,4.0,0.5714285714285714,False,6,4.0,0.6666666666666666,True,5,3.0,0.6,True,3,2.0,0.6666666666666666,True
s2_outline_135,4次,株式会社リバイト,False,9,4.0,0.4444444444444444,False,8,4.0,0.5,False,8,3.0,0.375,False,8,3.0,0.375,False,7,2.0,0.2857142857142857,False,6,2.0,0.3333333333333333,False,5,2.0,0.4,False,3,1.0,0.3333333333333333,False
s2_outline_136,4次,木本製菓株式会社,True,9,5.0,0.5555555555555556,False,8,5.0,0.625,True,8,4.0,0.5,False,8,4.0,0.5,False,7,3.0,0.42857142857142855,False,6,3.0,0.5,False,5,3.0,0.6,True,3,2.0,0.6666666666666666,True
s2_outline_168,4次,明和工業株式会社,True,9,6.0,0.6666666666666666,True,8,5.0,0.625,True,8,5.0,0.625,True,8,5.0,0.625,True,7,4.0,0.5714285714285714,False,6,3.0,0.5,False,5,3.0,0.6,True,3,3.0,1.0,True
s2_outline_175,4次,化成工業株式会社,False,9,4.0,0.4444444444444444,False,8,3.0,0.375,False,8,4.0,0.5,False,8,4.0,0.5,False,7,4.0,0.5714285714285714,False,6,3.0,0.5,False,5,3.0,0.6,True,3,2.0,0.6666666666666666,True
s2_outline_221,4次,株式会社ニシムタ,True,9,7.0,0.7777777777777778,True,8,6.0,0.75,True,8,6.0,0.75,True,8,6.0,0.75,True,7,5.0,0.7142857142857143,True,6,4.0,0.6666666666666666,True,5,3.0,0.6,True,3,2.0,0.6666666666666666,True
s1_outline_31,1次,鎌長製衡株式会社,True,8,1.0,0.125,False,8,1.0,0.125,False,7,1.0,0.14285714285714285,False,7,1.0,0.14285714285714285,False,6,1.0,0.16666666666666666,False,6,1.0,0.16666666666666666,False,5,1.0,0.2,False,3,1.0,0.3333333333333333,False
s1_outline_78,1次,環境のミカタ株式会社,False,8,2.0,0.25,False,8,2.0,0.25,False,7,2.0,0.2857142857142857,False,7,2.0,0.2857142857142857,False,6,2.0,0.3333333333333333,False,6,2.0,0.3333333333333333,False,5,1.0,0.2,False,3,1.0,0.3333333333333333,False
s2_outline_44,3次,株式会社アヤボ,False,8,4.0,0.5,False,8,4.0,0.5,False,7,3.0,0.42857142857142855,False,7,3.0,0.42857142857142855,False,6,2.0,0.3333333333333333,False,6,2.0,0.3333333333333333,False,5,1.0,0.2,False,3,0.0,0.0,False
s2_outline_115,4次,株式会社コスモス食品,True,8,6.0,0.75,True,8,6.0,0.75,True,7,5.0,0.7142857142857143,True,7,5.0,0.7142857142857143,True,6,4.0,0.6666666666666666,True,6,4.0,0.6666666666666666,True,5,4.0,0.8,True,3,2.0,0.6666666666666666,True
s2_outline_121,4次,株式会社ヤマキ食品,True,8,5.0,0.625,True,8,5.0,0.625,True,7,4.0,0.5714285714285714,False,7,4.0,0.5714285714285714,False,6,3.0,0.5,False,6,3.0,0.5,False,5,2.0,0.4,False,3,0.0,0.0,False
s2_outline_159,4次,株式会社　ファーストライン,False,8,6.0,0.75,True,8,6.0,0.75,True,7,5.0,0.7142857142857143,True,7,5.0,0.7142857142857143,True,6,4.0,0.6666666666666666,True,6,4.0,0.6666666666666666,True,5,3.0,0.6,True,3,2.0,0.6666666666666666,True
s2_outline_210,4次,南島酒販株式会社,True,8,6.0,0.75,True,8,6.0,0.75,True,7,5.0,0.7142857142857143,True,7,5.0,0.7142857142857143,True,6,4.0,0.6666666666666666,True,6,4.0,0.6666666666666666,True,5,3.0,0.6,True,3,2.0,0.6666666666666666,True
s1_outline__190,2次,株式会社GOTENリゾート,True,8,4.0,0.5,False,7,4.0,0.5714285714285714,False,7,3.0,0.42857142857142855,False,7,3.0,0.42857142857142855,False,6,2.0,0.3333333333333333,False,5,2.0,0.4,False,4,2.0,0.5,False,3,1.0,0.3333333333333333,False
s1_outline_32,1次,オリヒロエンジニアリング株式会社,False,8,2.0,0.25,False,7,2.0,0.2857142857142857,False,7,2.0,0.2857142857142857,False,7,1.0,0.14285714285714285,False,6,1.0,0.16666666666666666,False,5,1.0,0.2,False,4,1.0,0.25,False,3,1.0,0.3333333333333333,False
s1_outline_41,1次,株式会社ビッグハウス,False,8,2.0,0.25,False,7,2.0,0.2857142857142857,False,7,1.0,0.14285714285714285,False,7,2.0,0.2857142857142857,False,6,1.0,0.16666666666666666,False,5,1.0,0.2,False,4,1.0,0.25,False,3,0.0,0.0,False
s1_outline_75,1次,株式会社伝食,True,8,1.0,0.125,False,7,0.0,0.0,False,7,1.0,0.14285714285714285,False,7,1.0,0.14285714285714285,False,6,1.0,0.16666666666666666,False,5,0.0,0.0,False,4,0.0,0.0,False,3,0.0,0.0,False
s1_outline_80,1次,寧薬化学工業株式会社,True,8,2.0,0.25,False,7,2.0,0.2857142857142857,False,7,2.0,0.2857142857142857,False,7,1.0,0.14285714285714285,False,6,1.0,0.16666666666666666,False,5,1.0,0.2,False,4,1.0,0.25,False,3,1.0,0.3333333333333333,False
s1_outline_82,1次,サン工業株式会社,False,8,1.0,0.125,False,7,1.0,0.14285714285714285,False,7,1.0,0.14285714285714285,False,7,1.0,0.14285714285714285,False,6,1.0,0.16666666666666666,False,5,1.0,0.2,False,4,1.0,0.25,False,3,1.0,0.3333333333333333,False
s1_outline_104,1次,ヤマダイ株式会社,False,8,2.0,0.25,False,7,1.0,0.14285714285714285,False,7,2.0,0.2857142857142857,False,7,2.0,0.2857142857142857,False,6,2.0,0.3333333333333333,False,5,1.0,0.2,False,4,1.0,0.25,False,3,1.0,0.3333333333333333,False
s1_outline_156,2次,株式会社ダイセイ,True,8,3.0,0.375,False,7,3.0,0.42857142857142855,False,7,2.0,0.2857142857142857,False,7,3.0,0.42857142857142855,False,6,2.0,0.3333333333333333,False,5,2.0,0.4,False,4,2.0,0.5,False,3,1.0,0.3333333333333333,False
s1_outline_159,2次,浦島観光ホテル株式会社,True,8,6.0,0.75,True,7,6.0,0.8571428571428571,True,7,5.0,0.7142857142857143,True,7,5.0,0.7142857142857143,True,6,4.0,0.6666666666666666,True,5,4.0,0.8,True,4,3.0,0.75,True,3,2.0,0.6666666666666666,True
s2_outline_68,3次,三友プラントサービス株式会社,False,8,0.0,0.0,False,7,0.0,0.0,False,7,0.0,0.0,False,7,0.0,0.0,False,6,0.0,0.0,False,5,0.0,0.0,False,4,0.0,0.0,False,3,0.0,0.0,False
s2_outline_137,4次,株式会社　博多屋,False,8,5.0,0.625,True,7,5.0,0.7142857142857143,True,7,4.0,0.5714285714285714,False,7,4.0,0.5714285714285714,False,6,3.0,0.5,False,5,3.0,0.6,True,4,2.0,0.5,False,3,1.0,0.3333333333333333,False
s2_outline_171,4次,オギハラ食品株式会社,False,8,5.0,0.625,True,7,5.0,0.7142857142857143,True,7,4.0,0.5714285714285714,False,7,4.0,0.5714285714285714,False,6,3.0,0.5,False,5,3.0,0.6,True,4,2.0,0.5,False,3,1.0,0.3333333333333333,False
s2_outline_205,3次,八戸酒造株式会社,False,8,5.0,0.625,True,7,5.0,0.7142857142857143,True,7,4.0,0.5714285714285714,False,7,4.0,0.5714285714285714,False,6,3.0,0.5,False,5,3.0,0.6,True,4,2.0,0.5,False,3,1.0,0.3333333333333333,False
s2_outline_212,3次,キングパーツ株式会社,True,8,1.0,0.125,False,7,1.0,0.14285714285714285,False,7,1.0,0.14285714285714285,False,7,1.0,0.14285714285714285,False,6,1.0,0.16666666666666666,False,5,1.0,0.2,False,4,1.0,0.25,False,3,1.0,0.3333333333333333,False
s2_outline_218,4次,株式会社エム・ケー・ケー,True,8,5.0,0.625,True,7,5.0,0.7142857142857143,True,7,4.0,0.5714285714285714,False,7,4.0,0.5714285714285714,False,6,3.0,0.5,False,5,3.0,0.6,True,4,2.0,0.5,False,3,1.0,0.3333333333333333,False
s1_outline__199,2次,株式会社ティー・シー・ピー,True,7,3.0,0.42857142857142855,False,7,3.0,0.42857142857142855,False,6,2.0,0.3333333333333333,False,6,2.0,0.3333333333333333,False,5,1.0,0.2,False,5,1.0,0.2,False,4,1.0,0.25,False,3,1.0,0.3333333333333333,False
s1_outline_8,1次,サムテック株式会社,True,7,2.0,0.2857142857142857,False,7,2.0,0.2857142857142857,False,6,2.0,0.3333333333333333,False,6,1.0,0.16666666666666666,False,5,1.0,0.2,False,5,1.0,0.2,False,4,1.0,0.25,False,3,1.0,0.3333333333333333,False
s1_outline_46,1次,株式会社アイスコ,False,7,3.0,0.42857142857142855,False,7,3.0,0.42857142857142855,False,6,3.0,0.5,False,6,2.0,0.3333333333333333,False,5,2.0,0.4,False,5,2.0,0.4,False,4,2.0,0.5,False,3,2.0,0.6666666666666666,True
s1_outline_81,1次,デーバー加工サービス㈱,False,7,1.0,0.14285714285714285,False,7,1.0,0.14285714285714285,False,6,1.0,0.16666666666666666,False,6,1.0,0.16666666666666666,False,5,1.0,0.2,False,5,1.0,0.2,False,4,1.0,0.25,False,3,0.0,0.0,False
s1_outline_170,1次,株式会社光製作所,False,7,2.0,0.2857142857142857,False,7,2.0,0.2857142857142857,False,6,2.0,0.3333333333333333,False,6,2.0,0.3333333333333333,False,5,2.0,0.4,False,5,2.0,0.4,False,4,2.0,0.5,False,3,2.0,0.6666666666666666,True
s2_outline_16,3次,株式会社ヤマキ,False,7,4.0,0.5714285714285714,False,7,4.0,0.5714285714285714,False,6,3.0,0.5,False,6,3.0,0.5,False,5,2.0,0.4,False,5,2.0,0.4,False,4,2.0,0.5,False,3,1.0,0.3333333333333333,False
s2_outline_32,3次,第一物産株式会社,True,7,2.0,0.2857142857142857,False,7,2.0,0.2857142857142857,False,6,1.0,0.16666666666666666,False,6,2.0,0.3333333333333333,False,5,1.0,0.2,False,5,1.0,0.2,False,4,1.0,0.25,False,3,1.0,0.3333333333333333,False
s2_outline_42,3次,中央製乳株式会社,True,7,3.0,0.42857142857142855,False,7,3.0,0.42857142857142855,False,6,2.0,0.3333333333333333,False,6,2.0,0.3333333333333333,False,5,1.0,0.2,False,5,1.0,0.2,False,4,0.0,0.0,False,3,0.0,0.0,False
s2_outline_48,3次,株式会社サンワ,False,7,1.0,0.14285714285714285,False,7,1.0,0.14285714285714285,False,6,1.0,0.16666666666666666,False,6,1.0,0.16666666666666666,False,5,1.0,0.2,False,5,1.0,0.2,False,4,1.0,0.25,False,3,1.0,0.3333333333333333,False
s2_outline_70,3次,株式会社光製作所,False,7,2.0,0.2857142857142857,False,7,2.0,0.2857142857142857,False,6,2.0,0.3333333333333333,False,6,2.0,0.3333333333333333,False,5,2.0,0.4,False,5,2.0,0.4,False,4,2.0,0.5,False,3,2.0,0.6666666666666666,True
s2_outline_87,3次,長野牛乳株式会社,False,7,2.0,0.2857142857142857,False,7,2.0,0.2857142857142857,False,6,2.0,0.3333333333333333,False,6,1.0,0.16666666666666666,False,5,1.0,0.2,False,5,1.0,0.2,False,4,0.0,0.0,False,3,0.0,0.0,False
s2_outline_105,3次,株式会社シード,False,7,3.0,0.42857142857142855,False,7,3.0,0.42857142857142855,False,6,3.0,0.5,False,6,2.0,0.3333333333333333,False,5,2.0,0.4,False,5,2.0,0.4,False,4,2.0,0.5,False,3,2.0,0.6666666666666666,True
s2_outline_106,3次,河淳株式会社,False,7,3.0,0.42857142857142855,False,7,3.0,0.42857142857142855,False,6,3.0,0.5,False,6,2.0,0.3333333333333333,False,5,2.0,0.4,False,5,2.0,0.4,False,4,1.0,0.25,False,3,1.0,0.3333333333333333,False
s2_outline_109,3次,株式会社ヤマイシ,False,7,2.0,0.2857142857142857,False,7,2.0,0.2857142857142857,False,6,1.0,0.16666666666666666,False,6,2.0,0.3333333333333333,False,5,1.0,0.2,False,5,1.0,0.2,False,4,0.0,0.0,False,3,0.0,0.0,False
s2_outline_116,4次,奥伊吹観光株式会社,True,7,5.0,0.7142857142857143,True,7,5.0,0.7142857142857143,True,6,4.0,0.6666666666666666,True,6,4.0,0.6666666666666666,True,5,3.0,0.6,True,5,3.0,0.6,True,4,2.0,0.5,False,3,2.0,0.6666666666666666,True
s2_outline_122,4次,杉プラスチック工業株式会社,False,7,2.0,0.2857142857142857,False,7,2.0,0.2857142857142857,False,6,1.0,0.16666666666666666,False,6,2.0,0.3333333333333333,False,5,1.0,0.2,False,5,1.0,0.2,False,4,0.0,0.0,False,3,0.0,0.0,False
s2_outline_194,4次,リバードコーポレーション株式会社,True,7,5.0,0.7142857142857143,True,7,5.0,0.7142857142857143,True,6,4.0,0.6666666666666666,True,6,4.0,0.6666666666666666,True,5,3.0,0.6,True,5,3.0,0.6,True,4,2.0,0.5,False,3,1.0,0.3333333333333333,False
s2_outline_197,3次,株式会社ファイン,True,7,2.0,0.2857142857142857,False,7,2.0,0.2857142857142857,False,6,2.0,0.3333333333333333,False,6,2.0,0.3333333333333333,False,5,2.0,0.4,False,5,2.0,0.4,False,4,2.0,0.5,False,3,2.0,0.6666666666666666,True
s2_outline_206,4次,能勢酒造株式会社,True,7,4.0,0.5714285714285714,False,7,4.0,0.5714285714285714,False,6,3.0,0.5,False,6,3.0,0.5,False,5,2.0,0.4,False,5,2.0,0.4,False,4,1.0,0.25,False,3,0.0,0.0,False
s2_outline_216,3次,中本Fine Pack株式会社,False,7,4.0,0.5714285714285714,False,7,4.0,0.5714285714285714,False,6,3.0,0.5,False,6,3.0,0.5,False,5,2.0,0.4,False,5,2.0,0.4,False,4,2.0,0.5,False,3,1.0,0.3333333333333333,False
s1_outline_25,1次,日本リファイン株式会社,True,7,3.0,0.42857142857142855,False,6,2.0,0.3333333333333333,False,6,3.0,0.5,False,6,3.0,0.5,False,5,3.0,0.6,True,4,2.0,0.5,False,3,1.0,0.3333333333333333,False,2,1.0,0.5,False
s2_outline_156,4次,上野ロジケム株式会社,True,7,2.0,0.2857142857142857,False,6,1.0,0.16666666666666666,False,6,2.0,0.3333333333333333,False,6,2.0,0.3333333333333333,False,5,2.0,0.4,False,4,1.0,0.25,False,3,1.0,0.3333333333333333,False,2,1.0,0.5,False
s1_outline_16,1次,株式会社旭ウエルテック,False,6,3.0,0.5,False,6,3.0,0.5,False,5,2.0,0.4,False,5,2.0,0.4,False,4,1.0,0.25,False,4,1.0,0.25,False,3,1.0,0.3333333333333333,False,3,1.0,0.3333333333333333,False
s1_outline_62,1次,サーパス工業株式会社,False,6,3.0,0.5,False,6,3.0,0.5,False,5,3.0,0.6,True,5,3.0,0.6,True,4,3.0,0.75,False,4,3.0,0.75,False,3,3.0,1.0,False,3,3.0,1.0,True
s1_outline_72,1次,ヤマセ電気株式会社,False,6,2.0,0.3333333333333333,False,6,2.0,0.3333333333333333,False,5,2.0,0.4,False,5,2.0,0.4,False,4,2.0,0.5,False,4,2.0,0.5,False,3,2.0,0.6666666666666666,False,3,2.0,0.6666666666666666,True
s1_outline_85,1次,マルコ工業株式会社,True,6,3.0,0.5,False,6,3.0,0.5,False,5,2.0,0.4,False,5,2.0,0.4,False,4,1.0,0.25,False,4,1.0,0.25,False,3,1.0,0.3333333333333333,False,3,1.0,0.3333333333333333,False
s2_outline_3,3次,さくら不動産株式会社,False,6,3.0,0.5,False,6,3.0,0.5,False,5,2.0,0.4,False,5,2.0,0.4,False,4,1.0,0.25,False,4,1.0,0.25,False,3,0.0,0.0,False,3,0.0,0.0,False
s2_outline_40,3次,株式会社英楽,True,6,3.0,0.5,False,6,3.0,0.5,False,5,2.0,0.4,False,5,3.0,0.6,True,4,2.0,0.5,False,4,2.0,0.5,False,3,1.0,0.3333333333333333,False,2,0.0,0.0,False
s2_outline_85,3次,Ｌ物流株式会社,True,6,3.0,0.5,False,6,3.0,0.5,False,5,2.0,0.4,False,5,2.0,0.4,False,4,1.0,0.25,False,4,1.0,0.25,False,3,1.0,0.3333333333333333,False,2,1.0,0.5,False
s2_outline_208,4次,NICHIRO株式会社,True,6,0.0,0.0,False,6,0.0,0.0,False,5,0.0,0.0,False,5,0.0,0.0,False,4,0.0,0.0,False,4,0.0,0.0,False,3,0.0,0.0,False,2,0.0,0.0,False
s1_outline_95,1次,ナミックス株式会社,False,9,5.0,0.5555555555555556,False,8,4.0,0.5,False,8,5.0,0.625,True,8,4.0,0.5,False,7,4.0,0.5714285714285714,False,6,3.0,0.5,False,5,3.0,0.6,True,3,3.0,1.0,True
s1_outline_162,2次,信光陸運株式会社,True,9,4.0,0.4444444444444444,False,8,4.0,0.5,False,8,3.0,0.375,False,8,3.0,0.375,False,7,2.0,0.2857142857142857,False,6,2.0,0.3333333333333333,False,5,2.0,0.4,False,3,1.0,0.3333333333333333,False
s2_outline_52,3次,株式会社GYXUS,True,9,2.0,0.2222222222222222,False,8,2.0,0.25,False,8,2.0,0.25,False,8,1.0,0.125,False,7,1.0,0.14285714285714285,False,6,1.0,0.16666666666666666,False,5,0.0,0.0,False,3,0.0,0.0,False
s2_outline_91,3次,ＫＩＤＯ　ＰＡＣＫＡＧＩＮＧ株式会社,False,9,4.0,0.4444444444444444,False,8,3.0,0.375,False,8,4.0,0.5,False,8,3.0,0.375,False,7,3.0,0.42857142857142855,False,6,2.0,0.3333333333333333,False,5,2.0,0.4,False,3,2.0,0.6666666666666666,True
s2_outline_161,4次,株式会社デイリーエッグ,False,9,4.0,0.4444444444444444,False,8,3.0,0.375,False,8,4.0,0.5,False,8,3.0,0.375,False,7,3.0,0.42857142857142855,False,6,2.0,0.3333333333333333,False,5,1.0,0.2,False,3,0.0,0.0,False
s1_outline_50,1次,株式会社松尾製作所,True,8,5.0,0.625,True,8,5.0,0.625,True,7,5.0,0.7142857142857143,True,7,4.0,0.5714285714285714,False,6,4.0,0.6666666666666666,True,6,4.0,0.6666666666666666,True,5,4.0,0.8,True,3,3.0,1.0,True
s2_outline_65,3次,ハビックス株式会社,True,8,3.0,0.375,False,8,3.0,0.375,False,7,3.0,0.42857142857142855,False,7,3.0,0.42857142857142855,False,6,3.0,0.5,False,6,3.0,0.5,False,5,3.0,0.6,True,3,3.0,1.0,True
s2_outline_72,3次,ときわ製作所株式会社,True,8,5.0,0.625,True,8,5.0,0.625,True,7,4.0,0.5714285714285714,False,7,5.0,0.7142857142857143,True,6,4.0,0.6666666666666666,True,6,4.0,0.6666666666666666,True,5,3.0,0.6,True,3,2.0,0.6666666666666666,True
s2_outline_140,3次,都吹株式会社,True,8,3.0,0.375,False,8,3.0,0.375,False,7,2.0,0.2857142857142857,False,7,2.0,0.2857142857142857,False,6,1.0,0.16666666666666666,False,6,1.0,0.16666666666666666,False,5,1.0,0.2,False,3,1.0,0.3333333333333333,False
s2_outline_200,4次,有限会社ワンプラスワン,True,8,4.0,0.5,False,8,4.0,0.5,False,7,4.0,0.5714285714285714,False,7,3.0,0.42857142857142855,False,6,3.0,0.5,False,6,3.0,0.5,False,5,3.0,0.6,True,3,2.0,0.6666666666666666,True
s2_outline_19,3次,株式会社高木製作所,False,5,3.0,0.6,True,5,3.0,0.6,True,4,3.0,0.75,False,4,2.0,0.5,False,3,2.0,0.6666666666666666,False,3,2.0,0.6666666666666666,False,2,1.0,0.5,False,2,1.0,0.5,False
s1_outline_36,1次,株式会社廣澤精機製作所,True,3,1.0,0.3333333333333333,False,3,1.0,0.3333333333333333,False,3,1.0,0.3333333333333333,False,3,1.0,0.3333333333333333,False,3,1.0,0.3333333333333333,False,3,1.0,0.3333333333333333,False,3,1.0,0.3333333333333333,False,2,1.0,0.5,False
s1_outline_97,1次,フクシマガリレイ株式会社,False,2,1.0,0.5,False,2,1.0,0.5,False,2,1.0,0.5,False,2,1.0,0.5,False,2,1.0,0.5,False,2,1.0,0.5,False,2,1.0,0.5,False,2,1.0,0.5,False
s1_outline_83,1次,株式会社ヒサダ,False,4,0.0,0.0,False,4,0.0,0.0,False,4,0.0,0.0,False,4,0.0,0.0,False,4,0.0,0.0,False,4,0.0,0.0,False,4,0.0,0.0,False,3,0.0,0.0,False
s2_outline_185,3次,三日月興業株式会社,True,3,1.0,0.3333333333333333,False,3,1.0,0.3333333333333333,False,3,1.0,0.3333333333333333,False,3,1.0,0.3333333333333333,False,3,1.0,0.3333333333333333,False,3,1.0,0.3333333333333333,False,3,1.0,0.3333333333333333,False,2,0.0,0.0,False
s1_outline__184,2次,泉南乳業株式会社,False,8,2.0,0.25,False,7,1.0,0.14285714285714285,False,7,2.0,0.2857142857142857,False,7,2.0,0.2857142857142857,False,6,2.0,0.3333333333333333,False,5,1.0,0.2,False,4,1.0,0.25,False,3,1.0,0.3333333333333333,False
s1_outline__189,2次,長﨑ジャッキ株式会社,False,8,2.0,0.25,False,7,2.0,0.2857142857142857,False,7,2.0,0.2857142857142857,False,7,2.0,0.2857142857142857,False,6,2.0,0.3333333333333333,False,5,2.0,0.4,False,4,1.0,0.25,False,3,0.0,0.0,False
s1_outline_14,1次,日華化学株式会社,False,8,3.0,0.375,False,7,2.0,0.2857142857142857,False,7,3.0,0.42857142857142855,False,7,2.0,0.2857142857142857,False,6,2.0,0.3333333333333333,False,5,1.0,0.2,False,4,1.0,0.25,False,2,0.0,0.0,False
s1_outline_34,1次,株式会社柴田合成,True,8,2.0,0.25,False,7,1.0,0.14285714285714285,False,7,2.0,0.2857142857142857,False,7,2.0,0.2857142857142857,False,6,2.0,0.3333333333333333,False,5,1.0,0.2,False,4,0.0,0.0,False,3,0.0,0.0,False
s1_outline_88,1次,株式会社創味食品,True,8,3.0,0.375,False,7,2.0,0.2857142857142857,False,7,3.0,0.42857142857142855,False,7,3.0,0.42857142857142855,False,6,3.0,0.5,False,5,2.0,0.4,False,4,2.0,0.5,False,3,2.0,0.6666666666666666,True
s1_outline_107,1次,株式会社ササキ,False,8,2.0,0.25,False,7,2.0,0.2857142857142857,False,7,2.0,0.2857142857142857,False,7,1.0,0.14285714285714285,False,6,1.0,0.16666666666666666,False,5,1.0,0.2,False,4,1.0,0.25,False,3,1.0,0.3333333333333333,False
s1_outline_116,2次,株式会社かねふくめんたいパーク,False,8,4.0,0.5,False,7,3.0,0.42857142857142855,False,7,4.0,0.5714285714285714,False,7,4.0,0.5714285714285714,False,6,4.0,0.6666666666666666,True,5,3.0,0.6,True,4,2.0,0.5,False,3,2.0,0.6666666666666666,True
s1_outline_127,2次,株式会社ユニワールド,True,8,3.0,0.375,False,7,2.0,0.2857142857142857,False,7,3.0,0.42857142857142855,False,7,3.0,0.42857142857142855,False,6,3.0,0.5,False,5,2.0,0.4,False,4,2.0,0.5,False,3,2.0,0.6666666666666666,True
s1_outline_152,2次,ヤマトミシン製造株式会社,True,8,4.0,0.5,False,7,3.0,0.42857142857142855,False,7,3.0,0.42857142857142855,False,7,4.0,0.5714285714285714,False,6,3.0,0.5,False,5,2.0,0.4,False,4,2.0,0.5,False,3,2.0,0.6666666666666666,True
s2_outline_5,3次,奥長良川名水株式会社,False,8,3.0,0.375,False,7,3.0,0.42857142857142855,False,7,2.0,0.2857142857142857,False,7,3.0,0.42857142857142855,False,6,2.0,0.3333333333333333,False,5,2.0,0.4,False,4,1.0,0.25,False,3,0.0,0.0,False
s2_outline_94,3次,株式会社富士カーボン製造所,True,8,3.0,0.375,False,7,3.0,0.42857142857142855,False,7,3.0,0.42857142857142855,False,7,2.0,0.2857142857142857,False,6,2.0,0.3333333333333333,False,5,2.0,0.4,False,4,2.0,0.5,False,3,2.0,0.6666666666666666,True
s2_outline_119,4次,株式会社群馬コイケ,True,8,2.0,0.25,False,7,2.0,0.2857142857142857,False,7,1.0,0.14285714285714285,False,7,2.0,0.2857142857142857,False,6,1.0,0.16666666666666666,False,5,1.0,0.2,False,4,1.0,0.25,False,2,0.0,0.0,False
s2_outline_148,4次,丹羽鋳造株式会社,True,8,3.0,0.375,False,7,2.0,0.2857142857142857,False,7,3.0,0.42857142857142855,False,7,3.0,0.42857142857142855,False,6,3.0,0.5,False,5,2.0,0.4,False,4,2.0,0.5,False,3,2.0,0.6666666666666666,True
s2_outline_151,3次,株式会社清水インダストリ－,False,8,3.0,0.375,False,7,3.0,0.42857142857142855,False,7,2.0,0.2857142857142857,False,7,3.0,0.42857142857142855,False,6,2.0,0.3333333333333333,False,5,2.0,0.4,False,4,1.0,0.25,False,3,0.0,0.0,False
s2_outline_209,3次,株式会社ファーストダウン,True,8,4.0,0.5,False,7,3.0,0.42857142857142855,False,7,4.0,0.5714285714285714,False,7,4.0,0.5714285714285714,False,6,4.0,0.6666666666666666,True,5,3.0,0.6,True,4,3.0,0.75,True,3,3.0,1.0,True
s2_outline_214,3次,株式会社 八天堂,True,8,2.0,0.25,False,7,1.0,0.14285714285714285,False,7,2.0,0.2857142857142857,False,7,2.0,0.2857142857142857,False,6,2.0,0.3333333333333333,False,5,1.0,0.2,False,4,1.0,0.25,False,3,1.0,0.3333333333333333,False
s2_outline_223,4次,三ッ和商事株式会社,False,8,0.0,0.0,False,7,0.0,0.0,False,7,0.0,0.0,False,7,0.0,0.0,False,6,0.0,0.0,False,5,0.0,0.0,False,4,0.0,0.0,False,3,0.0,0.0,False
s1_outline__197,2次,株式会社福山臨床検査センター,True,7,2.0,0.2857142857142857,False,7,2.0,0.2857142857142857,False,6,2.0,0.3333333333333333,False,6,2.0,0.3333333333333333,False,5,2.0,0.4,False,5,2.0,0.4,False,4,2.0,0.5,False,3,2.0,0.6666666666666666,True
s1_outline__206,2次,上山製紙株式会社,True,7,3.0,0.42857142857142855,False,7,3.0,0.42857142857142855,False,6,3.0,0.5,False,6,2.0,0.3333333333333333,False,5,2.0,0.4,False,5,2.0,0.4,False,4,1.0,0.25,False,3,0.0,0.0,False
s1_outline_4,1次,株式会社インターオフィス,False,7,0.0,0.0,False,7,0.0,0.0,False,6,0.0,0.0,False,6,0.0,0.0,False,5,0.0,0.0,False,5,0.0,0.0,False,4,0.0,0.0,False,3,0.0,0.0,False
s1_outline_11,1次,大峰堂薬品工業株式会社,True,7,2.0,0.2857142857142857,False,7,2.0,0.2857142857142857,False,6,2.0,0.3333333333333333,False,6,1.0,0.16666666666666666,False,5,1.0,0.2,False,5,1.0,0.2,False,4,1.0,0.25,False,3,1.0,0.3333333333333333,False
s1_outline_26,1次,日星電気株式会社,True,7,1.0,0.14285714285714285,False,7,1.0,0.14285714285714285,False,6,1.0,0.16666666666666666,False,6,1.0,0.16666666666666666,False,5,1.0,0.2,False,5,1.0,0.2,False,4,1.0,0.25,False,3,1.0,0.3333333333333333,False
s1_outline_28,1次,広陵化学工業株式会社,True,7,2.0,0.2857142857142857,False,7,2.0,0.2857142857142857,False,6,1.0,0.16666666666666666,False,6,2.0,0.3333333333333333,False,5,1.0,0.2,False,5,1.0,0.2,False,4,1.0,0.25,False,3,0.0,0.0,False
s1_outline_33,1次,株式会社石井機械製作所,False,7,2.0,0.2857142857142857,False,7,2.0,0.2857142857142857,False,6,2.0,0.3333333333333333,False,6,2.0,0.3333333333333333,False,5,2.0,0.4,False,5,2.0,0.4,False,4,2.0,0.5,False,3,1.0,0.3333333333333333,False
s1_outline_37,1次,大日工業株式会社,True,7,3.0,0.42857142857142855,False,7,3.0,0.42857142857142855,False,6,2.0,0.3333333333333333,False,6,2.0,0.3333333333333333,False,5,1.0,0.2,False,5,1.0,0.2,False,4,1.0,0.25,False,3,0.0,0.0,False
s1_outline_65,1次,株式会社松風,True,7,2.0,0.2857142857142857,False,7,2.0,0.2857142857142857,False,6,2.0,0.3333333333333333,False,6,2.0,0.3333333333333333,False,5,2.0,0.4,False,5,2.0,0.4,False,4,2.0,0.5,False,3,2.0,0.6666666666666666,True
s1_outline_71,1次,株式会社北四国グラビア印刷,True,7,0.0,0.0,False,7,0.0,0.0,False,6,0.0,0.0,False,6,0.0,0.0,False,5,0.0,0.0,False,5,0.0,0.0,False,4,0.0,0.0,False,3,0.0,0.0,False
s1_outline_94,1次,株式会社友和環境,False,7,4.0,0.5714285714285714,False,7,4.0,0.5714285714285714,False,6,3.0,0.5,False,6,3.0,0.5,False,5,2.0,0.4,False,5,2.0,0.4,False,4,1.0,0.25,False,3,0.0,0.0,False
s2_outline_12,3次,株式会社フルサワ,False,7,1.0,0.14285714285714285,False,7,1.0,0.14285714285714285,False,6,1.0,0.16666666666666666,False,6,1.0,0.16666666666666666,False,5,1.0,0.2,False,5,1.0,0.2,False,4,1.0,0.25,False,3,0.0,0.0,False
s2_outline_23,3次,大和鋼業株式会社,True,7,1.0,0.14285714285714285,False,7,1.0,0.14285714285714285,False,6,1.0,0.16666666666666666,False,6,0.0,0.0,False,5,0.0,0.0,False,5,0.0,0.0,False,4,0.0,0.0,False,3,0.0,0.0,False
s2_outline_25,3次,有限会社ホテル十勝屋,True,7,3.0,0.42857142857142855,False,7,3.0,0.42857142857142855,False,6,3.0,0.5,False,6,2.0,0.3333333333333333,False,5,2.0,0.4,False,5,2.0,0.4,False,4,1.0,0.25,False,3,0.0,0.0,False
s2_outline_33,3次,株式会社浪速ポンプ製作所,False,7,0.0,0.0,False,7,0.0,0.0,False,6,0.0,0.0,False,6,0.0,0.0,False,5,0.0,0.0,False,5,0.0,0.0,False,4,0.0,0.0,False,3,0.0,0.0,False
s2_outline_96,3次,株式会社フォース,True,7,3.0,0.42857142857142855,False,7,3.0,0.42857142857142855,False,6,2.0,0.3333333333333333,False,6,2.0,0.3333333333333333,False,5,1.0,0.2,False,5,1.0,0.2,False,4,0.0,0.0,False,3,0.0,0.0,False
s2_outline_101,3次,安藤パラケミー株式会社,False,7,0.0,0.0,False,7,0.0,0.0,False,6,0.0,0.0,False,6,0.0,0.0,False,5,0.0,0.0,False,5,0.0,0.0,False,4,0.0,0.0,False,3,0.0,0.0,False
s2_outline_103,3次,ベストアメニティ株式会社,False,7,2.0,0.2857142857142857,False,7,2.0,0.2857142857142857,False,6,2.0,0.3333333333333333,False,6,2.0,0.3333333333333333,False,5,2.0,0.4,False,5,2.0,0.4,False,4,1.0,0.25,False,3,1.0,0.3333333333333333,False
s2_outline_158,4次,株式会社セントラルフード,True,7,3.0,0.42857142857142855,False,7,3.0,0.42857142857142855,False,6,2.0,0.3333333333333333,False,6,2.0,0.3333333333333333,False,5,1.0,0.2,False,5,1.0,0.2,False,4,0.0,0.0,False,3,0.0,0.0,False
s2_outline_178,4次,株式会社メタルテック,False,7,4.0,0.5714285714285714,False,7,4.0,0.5714285714285714,False,6,4.0,0.6666666666666666,True,6,4.0,0.6666666666666666,True,5,4.0,0.8,True,5,4.0,0.8,True,4,4.0,1.0,True,3,3.0,1.0,True
s2_outline_179,4次,株式会社クラスコ,True,7,2.0,0.2857142857142857,False,7,2.0,0.2857142857142857,False,6,2.0,0.3333333333333333,False,6,2.0,0.3333333333333333,False,5,2.0,0.4,False,5,2.0,0.4,False,4,1.0,0.25,False,3,0.0,0.0,False
s2_outline_182,4次,株式会社北十,False,7,4.0,0.5714285714285714,False,7,4.0,0.5714285714285714,False,6,3.0,0.5,False,6,3.0,0.5,False,5,2.0,0.4,False,5,2.0,0.4,False,4,1.0,0.25,False,3,0.0,0.0,False
s2_outline_190,3次,伊藤光学工業株式会社,False,7,1.0,0.14285714285714285,False,7,1.0,0.14285714285714285,False,6,1.0,0.16666666666666666,False,6,1.0,0.16666666666666666,False,5,1.0,0.2,False,5,1.0,0.2,False,4,1.0,0.25,False,3,1.0,0.3333333333333333,False
s2_outline_196,4次,岩手雪運株式会社,False,7,3.0,0.42857142857142855,False,7,3.0,0.42857142857142855,False,6,3.0,0.5,False,6,2.0,0.3333333333333333,False,5,2.0,0.4,False,5,2.0,0.4,False,4,2.0,0.5,False,3,2.0,0.6666666666666666,True
s2_outline_219,4次,株式会社ナリコマフード,False,7,3.0,0.42857142857142855,False,7,3.0,0.42857142857142855,False,6,3.0,0.5,False,6,2.0,0.3333333333333333,False,5,2.0,0.4,False,5,2.0,0.4,False,4,2.0,0.5,False,3,2.0,0.6666666666666666,True
s1_outline__207,1次,株式会社ジェイ・イー・ティ,True,9,3.0,0.3333333333333333,False,8,2.0,0.25,False,8,3.0,0.375,False,8,3.0,0.375,False,7,3.0,0.42857142857142855,False,6,2.0,0.3333333333333333,False,5,2.0,0.4,False,3,2.0,0.6666666666666666,True
s1_outline_173,2次,中央紙通商株式会社,True,9,4.0,0.4444444444444444,False,8,3.0,0.375,False,8,3.0,0.375,False,8,4.0,0.5,False,7,3.0,0.42857142857142855,False,6,2.0,0.3333333333333333,False,5,1.0,0.2,False,3,0.0,0.0,False
s2_outline_43,3次,近江鍛工株式会社,True,9,4.0,0.4444444444444444,False,8,3.0,0.375,False,8,4.0,0.5,False,8,4.0,0.5,False,7,4.0,0.5714285714285714,False,6,3.0,0.5,False,5,3.0,0.6,True,3,2.0,0.6666666666666666,True
s2_outline_69,3次,松村フーズ株式会社,False,9,5.0,0.5555555555555556,False,8,4.0,0.5,False,8,4.0,0.5,False,8,4.0,0.5,False,7,3.0,0.42857142857142855,False,6,2.0,0.3333333333333333,False,5,1.0,0.2,False,3,1.0,0.3333333333333333,False
s2_outline_127,4次,株式会社キィポーション,False,9,1.0,0.1111111111111111,False,8,1.0,0.125,False,8,1.0,0.125,False,8,1.0,0.125,False,7,1.0,0.14285714285714285,False,6,1.0,0.16666666666666666,False,5,1.0,0.2,False,3,1.0,0.3333333333333333,False
s2_outline_184,4次,日電精密工業株式会社,False,9,1.0,0.1111111111111111,False,8,1.0,0.125,False,8,1.0,0.125,False,8,1.0,0.125,False,7,1.0,0.14285714285714285,False,6,1.0,0.16666666666666666,False,5,1.0,0.2,False,3,0.0,0.0,False
s1_outline_13,1次,株式会社アロン社,True,8,2.0,0.25,False,8,2.0,0.25,False,7,2.0,0.2857142857142857,False,7,2.0,0.2857142857142857,False,6,2.0,0.3333333333333333,False,6,2.0,0.3333333333333333,False,5,1.0,0.2,False,3,0.0,0.0,False
s1_outline_51,1次,株式会社西部技研,False,8,1.0,0.125,False,8,1.0,0.125,False,7,1.0,0.14285714285714285,False,7,1.0,0.14285714285714285,False,6,1.0,0.16666666666666666,False,6,1.0,0.16666666666666666,False,5,1.0,0.2,False,3,1.0,0.3333333333333333,False
s1_outline_74,1次,株式会社ユニシス,True,8,2.0,0.25,False,8,2.0,0.25,False,7,2.0,0.2857142857142857,False,7,2.0,0.2857142857142857,False,6,2.0,0.3333333333333333,False,6,2.0,0.3333333333333333,False,5,2.0,0.4,False,3,2.0,0.6666666666666666,True
s2_outline_113,4次,株式会社アダチ,True,8,2.0,0.25,False,8,2.0,0.25,False,7,2.0,0.2857142857142857,False,7,2.0,0.2857142857142857,False,6,2.0,0.3333333333333333,False,6,2.0,0.3333333333333333,False,5,1.0,0.2,False,3,1.0,0.3333333333333333,False
s2_outline_143,4次,株式会社ライズクリエイション,True,8,2.0,0.25,False,8,2.0,0.25,False,7,2.0,0.2857142857142857,False,7,2.0,0.2857142857142857,False,6,2.0,0.3333333333333333,False,6,2.0,0.3333333333333333,False,5,1.0,0.2,False,3,1.0,0.3333333333333333,False
s2_outline_167,4次,株式会社カネヒロ,True,8,2.0,0.25,False,8,2.0,0.25,False,7,2.0,0.2857142857142857,False,7,2.0,0.2857142857142857,False,6,2.0,0.3333333333333333,False,6,2.0,0.3333333333333333,False,5,1.0,0.2,False,3,0.0,0.0,False
s2_outline_193,4次,ソントン食品株式会社,True,8,4.0,0.5,False,8,4.0,0.5,False,7,4.0,0.5714285714285714,False,7,3.0,0.42857142857142855,False,6,3.0,0.5,False,6,3.0,0.5,False,5,3.0,0.6,True,3,2.0,0.6666666666666666,True
s2_outline_217,4次,院庄林業株式会社,True,8,3.0,0.375,False,8,3.0,0.375,False,7,3.0,0.42857142857142855,False,7,3.0,0.42857142857142855,False,6,3.0,0.5,False,6,3.0,0.5,False,5,3.0,0.6,True,3,2.0,0.6666666666666666,True
s2_outline_227,4次,株式会社トノックス,True,8,2.0,0.25,False,8,2.0,0.25,False,7,2.0,0.2857142857142857,False,7,2.0,0.2857142857142857,False,6,2.0,0.3333333333333333,False,6,2.0,0.3333333333333333,False,5,2.0,0.4,False,3,1.0,0.3333333333333333,False
s1_outline__204,2次,メック株式会社,True,7,4.0,0.5714285714285714,False,6,3.0,0.5,False,6,4.0,0.6666666666666666,True,6,4.0,0.6666666666666666,True,5,4.0,0.8,True,4,3.0,0.75,False,3,3.0,1.0,False,3,3.0,1.0,True
s1_outline_89,1次,京西テクノス株式会社,False,7,2.0,0.2857142857142857,False,6,1.0,0.16666666666666666,False,6,2.0,0.3333333333333333,False,6,2.0,0.3333333333333333,False,5,2.0,0.4,False,4,1.0,0.25,False,3,1.0,0.3333333333333333,False,2,1.0,0.5,False
s1_outline_113,2次,トーアス株式会社,False,7,3.0,0.42857142857142855,False,6,2.0,0.3333333333333333,False,6,2.0,0.3333333333333333,False,6,3.0,0.5,False,5,2.0,0.4,False,4,1.0,0.25,False,3,0.0,0.0,False,2,0.0,0.0,False
s1_outline_118,2次,クリエイトワン株式会社,True,7,3.0,0.42857142857142855,False,6,3.0,0.5,False,6,2.0,0.3333333333333333,False,6,3.0,0.5,False,5,2.0,0.4,False,4,2.0,0.5,False,3,1.0,0.3333333333333333,False,2,0.0,0.0,False
s1_outline_146,1次,アオイ電子株式会社,True,7,1.0,0.14285714285714285,False,6,1.0,0.16666666666666666,False,6,1.0,0.16666666666666666,False,6,1.0,0.16666666666666666,False,5,1.0,0.2,False,4,1.0,0.25,False,3,1.0,0.3333333333333333,False,2,1.0,0.5,False
s1_outline_147,1次,株式会社ｂｕｄ梱包出荷サポート,True,7,3.0,0.42857142857142855,False,6,3.0,0.5,False,6,2.0,0.3333333333333333,False,6,2.0,0.3333333333333333,False,5,1.0,0.2,False,4,1.0,0.25,False,3,0.0,0.0,False,3,0.0,0.0,False
s1_outline_177,2次,さいほく鉄工株式会社,False,7,3.0,0.42857142857142855,False,6,3.0,0.5,False,6,2.0,0.3333333333333333,False,6,3.0,0.5,False,5,2.0,0.4,False,4,2.0,0.5,False,3,1.0,0.3333333333333333,False,2,1.0,0.5,False
s2_outline_17,3次,日生流通運輸倉庫株式会社,True,7,1.0,0.14285714285714285,False,6,1.0,0.16666666666666666,False,6,1.0,0.16666666666666666,False,6,1.0,0.16666666666666666,False,5,1.0,0.2,False,4,1.0,0.25,False,3,1.0,0.3333333333333333,False,2,1.0,0.5,False
s2_outline_81,3次,東亜薬品株式会社,True,7,3.0,0.42857142857142855,False,6,3.0,0.5,False,6,3.0,0.5,False,6,2.0,0.3333333333333333,False,5,2.0,0.4,False,4,2.0,0.5,False,3,2.0,0.6666666666666666,False,2,2.0,1.0,False
s2_outline_108,3次,株式会社丸杉,False,7,3.0,0.42857142857142855,False,6,2.0,0.3333333333333333,False,6,3.0,0.5,False,6,3.0,0.5,False,5,3.0,0.6,True,4,2.0,0.5,False,3,1.0,0.3333333333333333,False,2,1.0,0.5,False
s1_outline__198,2次,ユニコム株式会社,True,6,1.0,0.16666666666666666,False,6,1.0,0.16666666666666666,False,5,1.0,0.2,False,5,1.0,0.2,False,4,1.0,0.25,False,4,1.0,0.25,False,3,0.0,0.0,False,2,0.0,0.0,False
s1_outline_79,1次,スーパー工業株式会社,True,6,0.0,0.0,False,6,0.0,0.0,False,5,0.0,0.0,False,5,0.0,0.0,False,4,0.0,0.0,False,4,0.0,0.0,False,3,0.0,0.0,False,3,0.0,0.0,False
s2_outline_26,3次,株式会社ティーケーシン,False,6,0.0,0.0,False,6,0.0,0.0,False,5,0.0,0.0,False,5,0.0,0.0,False,4,0.0,0.0,False,4,0.0,0.0,False,3,0.0,0.0,False,2,0.0,0.0,False
s2_outline_46,3次,カンケンテクノ株式会社,False,6,2.0,0.3333333333333333,False,6,2.0,0.3333333333333333,False,5,2.0,0.4,False,5,2.0,0.4,False,4,2.0,0.5,False,4,2.0,0.5,False,3,2.0,0.6666666666666666,False,3,2.0,0.6666666666666666,True
s2_outline_60,3次,株式会社トッカコーポレーション,True,6,2.0,0.3333333333333333,False,6,2.0,0.3333333333333333,False,5,2.0,0.4,False,5,2.0,0.4,False,4,2.0,0.5,False,4,2.0,0.5,False,3,2.0,0.6666666666666666,False,3,2.0,0.6666666666666666,True
s2_outline_120,4次,株式会社クボテック,False,6,1.0,0.16666666666666666,False,6,1.0,0.16666666666666666,False,5,1.0,0.2,False,5,1.0,0.2,False,4,1.0,0.25,False,4,1.0,0.25,False,3,0.0,0.0,False,2,0.0,0.0,False
s2_outline_132,4次,株式会社コハラ,True,6,1.0,0.16666666666666666,False,6,1.0,0.16666666666666666,False,5,1.0,0.2,False,5,1.0,0.2,False,4,1.0,0.25,False,4,1.0,0.25,False,3,0.0,0.0,False,3,0.0,0.0,False
s2_outline_181,4次,株式会社手原産業倉庫,False,6,2.0,0.3333333333333333,False,6,2.0,0.3333333333333333,False,5,2.0,0.4,False,5,2.0,0.4,False,4,2.0,0.5,False,4,2.0,0.5,False,3,2.0,0.6666666666666666,False,2,1.0,0.5,False
s1_outline_86,1次,グローバル・テック株式会社,False,5,0.0,0.0,False,4,0.0,0.0,False,5,0.0,0.0,False,5,0.0,0.0,False,5,0.0,0.0,False,4,0.0,0.0,False,4,0.0,0.0,False,3,0.0,0.0,False
s1_outline__201,2次,株式会社イートアンドフーズ,False,4,1.0,0.25,False,4,1.0,0.25,False,3,1.0,0.3333333333333333,False,3,1.0,0.3333333333333333,False,2,1.0,0.5,False,2,1.0,0.5,False,2,1.0,0.5,False,2,1.0,0.5,False
s1_outline__183,2次,スズキハイテック株式会社,True,8,0.0,0.0,False,7,0.0,0.0,False,7,0.0,0.0,False,7,0.0,0.0,False,6,0.0,0.0,False,5,0.0,0.0,False,4,0.0,0.0,False,3,0.0,0.0,False
s1_outline__202,2次,アライドコーヒーロースターズ株式会社,True,8,4.0,0.5,False,7,3.0,0.42857142857142855,False,7,4.0,0.5714285714285714,False,7,3.0,0.42857142857142855,False,6,3.0,0.5,False,5,2.0,0.4,False,4,2.0,0.5,False,3,2.0,0.6666666666666666,True
s1_outline_12,1次,株式会社松岡,True,8,3.0,0.375,False,7,2.0,0.2857142857142857,False,7,3.0,0.42857142857142855,False,7,2.0,0.2857142857142857,False,6,2.0,0.3333333333333333,False,5,1.0,0.2,False,4,1.0,0.25,False,2,1.0,0.5,False
s1_outline_61,1次,三恵工業株式会社,False,8,3.0,0.375,False,7,3.0,0.42857142857142855,False,7,3.0,0.42857142857142855,False,7,3.0,0.42857142857142855,False,6,3.0,0.5,False,5,3.0,0.6,True,4,3.0,0.75,True,3,3.0,1.0,True
s1_outline_69,1次,NAX JAPAN株式会社,False,8,2.0,0.25,False,7,1.0,0.14285714285714285,False,7,2.0,0.2857142857142857,False,7,2.0,0.2857142857142857,False,6,2.0,0.3333333333333333,False,5,1.0,0.2,False,4,1.0,0.25,False,3,1.0,0.3333333333333333,False
s1_outline_91,1次,矢田工業株式会社,False,8,2.0,0.25,False,7,1.0,0.14285714285714285,False,7,2.0,0.2857142857142857,False,7,2.0,0.2857142857142857,False,6,2.0,0.3333333333333333,False,5,1.0,0.2,False,4,1.0,0.25,False,3,1.0,0.3333333333333333,False
s1_outline_106,1次,株式会社シーエル,True,8,2.0,0.25,False,7,1.0,0.14285714285714285,False,7,2.0,0.2857142857142857,False,7,2.0,0.2857142857142857,False,6,2.0,0.3333333333333333,False,5,1.0,0.2,False,4,1.0,0.25,False,3,1.0,0.3333333333333333,False
s1_outline_112,2次,株式会社八芳園,True,8,3.0,0.375,False,7,3.0,0.42857142857142855,False,7,3.0,0.42857142857142855,False,7,2.0,0.2857142857142857,False,6,2.0,0.3333333333333333,False,5,2.0,0.4,False,4,2.0,0.5,False,3,2.0,0.6666666666666666,True
s1_outline_121,2次,土佐鶴酒造株式会社,True,8,3.0,0.375,False,7,3.0,0.42857142857142855,False,7,2.0,0.2857142857142857,False,7,3.0,0.42857142857142855,False,6,2.0,0.3333333333333333,False,5,2.0,0.4,False,4,1.0,0.25,False,3,0.0,0.0,False
s1_outline_128,2次,株式会社ただおザウルス,True,8,2.0,0.25,False,7,2.0,0.2857142857142857,False,7,2.0,0.2857142857142857,False,7,2.0,0.2857142857142857,False,6,2.0,0.3333333333333333,False,5,2.0,0.4,False,4,2.0,0.5,False,3,1.0,0.3333333333333333,False
s1_outline_130,2次,小林酒造株式会社,True,8,1.0,0.125,False,7,1.0,0.14285714285714285,False,7,1.0,0.14285714285714285,False,7,1.0,0.14285714285714285,False,6,1.0,0.16666666666666666,False,5,1.0,0.2,False,4,0.0,0.0,False,3,0.0,0.0,False
s1_outline_134,2次,株式会社コンメックス,True,8,1.0,0.125,False,7,1.0,0.14285714285714285,False,7,1.0,0.14285714285714285,False,7,1.0,0.14285714285714285,False,6,1.0,0.16666666666666666,False,5,1.0,0.2,False,4,0.0,0.0,False,3,0.0,0.0,False
s1_outline_137,2次,総武機械株式会社,True,8,0.0,0.0,False,7,0.0,0.0,False,7,0.0,0.0,False,7,0.0,0.0,False,6,0.0,0.0,False,5,0.0,0.0,False,4,0.0,0.0,False,3,0.0,0.0,False
s1_outline_157,2次,ハマダコンフェクト株式会社,False,8,2.0,0.25,False,7,2.0,0.2857142857142857,False,7,2.0,0.2857142857142857,False,7,1.0,0.14285714285714285,False,6,1.0,0.16666666666666666,False,5,1.0,0.2,False,4,1.0,0.25,False,3,1.0,0.3333333333333333,False
s1_outline_158,2次,平和食品工業株式会社,True,8,2.0,0.25,False,7,1.0,0.14285714285714285,False,7,2.0,0.2857142857142857,False,7,2.0,0.2857142857142857,False,6,2.0,0.3333333333333333,False,5,1.0,0.2,False,4,1.0,0.25,False,3,1.0,0.3333333333333333,False
s1_outline_174,2次,株式会社Ｐｌａｎ・Ｄｏ・Ｓｅｅ琉球,False,8,1.0,0.125,False,7,1.0,0.14285714285714285,False,7,1.0,0.14285714285714285,False,7,0.0,0.0,False,6,0.0,0.0,False,5,0.0,0.0,False,4,0.0,0.0,False,3,0.0,0.0,False
s2_outline_1,3次,株式会社角藤,True,8,3.0,0.375,False,7,2.0,0.2857142857142857,False,7,3.0,0.42857142857142855,False,7,3.0,0.42857142857142855,False,6,3.0,0.5,False,5,2.0,0.4,False,4,2.0,0.5,False,3,2.0,0.6666666666666666,True
s2_outline_11,3次,たまご＆ファーマーズ株式会社,False,8,2.0,0.25,False,7,1.0,0.14285714285714285,False,7,2.0,0.2857142857142857,False,7,2.0,0.2857142857142857,False,6,2.0,0.3333333333333333,False,5,1.0,0.2,False,4,1.0,0.25,False,2,0.0,0.0,False
s2_outline_13,3次,フジセイコー株式会社,False,8,3.0,0.375,False,7,3.0,0.42857142857142855,False,7,2.0,0.2857142857142857,False,7,3.0,0.42857142857142855,False,6,2.0,0.3333333333333333,False,5,2.0,0.4,False,4,1.0,0.25,False,3,0.0,0.0,False
s2_outline_45,3次,株式会社田中食品興業所,True,8,2.0,0.25,False,7,1.0,0.14285714285714285,False,7,2.0,0.2857142857142857,False,7,2.0,0.2857142857142857,False,6,2.0,0.3333333333333333,False,5,1.0,0.2,False,4,1.0,0.25,False,3,1.0,0.3333333333333333,False
s2_outline_58,3次,巴工業株式会社,True,8,3.0,0.375,False,7,2.0,0.2857142857142857,False,7,3.0,0.42857142857142855,False,7,3.0,0.42857142857142855,False,6,3.0,0.5,False,5,2.0,0.4,False,4,2.0,0.5,False,3,2.0,0.6666666666666666,True
s2_outline_66,3次,トクセン工業株式会社,True,8,1.0,0.125,False,7,0.0,0.0,False,7,1.0,0.14285714285714285,False,7,1.0,0.14285714285714285,False,6,1.0,0.16666666666666666,False,5,0.0,0.0,False,4,0.0,0.0,False,3,0.0,0.0,False
s2_outline_84,3次,株式会社ジョヴィ,True,8,4.0,0.5,False,7,3.0,0.42857142857142855,False,7,3.0,0.42857142857142855,False,7,3.0,0.42857142857142855,False,6,2.0,0.3333333333333333,False,5,1.0,0.2,False,4,1.0,0.25,False,3,1.0,0.3333333333333333,False
s2_outline_88,3次,モルツウェル株式会社,True,8,1.0,0.125,False,7,1.0,0.14285714285714285,False,7,1.0,0.14285714285714285,False,7,1.0,0.14285714285714285,False,6,1.0,0.16666666666666666,False,5,1.0,0.2,False,4,1.0,0.25,False,3,1.0,0.3333333333333333,False
s2_outline_104,3次,アイサービス株式会社,False,8,2.0,0.25,False,7,2.0,0.2857142857142857,False,7,2.0,0.2857142857142857,False,7,1.0,0.14285714285714285,False,6,1.0,0.16666666666666666,False,5,1.0,0.2,False,4,1.0,0.25,False,3,1.0,0.3333333333333333,False
s2_outline_150,4次,株式会社玉子屋,False,8,1.0,0.125,False,7,1.0,0.14285714285714285,False,7,1.0,0.14285714285714285,False,7,1.0,0.14285714285714285,False,6,1.0,0.16666666666666666,False,5,1.0,0.2,False,4,1.0,0.25,False,3,1.0,0.3333333333333333,False
s2_outline_199,4次,日本毛織株式会社,True,8,4.0,0.5,False,7,3.0,0.42857142857142855,False,7,4.0,0.5714285714285714,False,7,4.0,0.5714285714285714,False,6,4.0,0.6666666666666666,True,5,3.0,0.6,True,4,3.0,0.75,True,3,3.0,1.0,True
s2_outline_229,3次,オーディエー株式会社,True,8,1.0,0.125,False,7,0.0,0.0,False,7,1.0,0.14285714285714285,False,7,1.0,0.14285714285714285,False,6,1.0,0.16666666666666666,False,5,0.0,0.0,False,4,0.0,0.0,False,3,0.0,0.0,False
s1_outline__182,2次,埼玉機器株式会社,True,7,1.0,0.14285714285714285,False,7,1.0,0.14285714285714285,False,6,1.0,0.16666666666666666,False,6,0.0,0.0,False,5,0.0,0.0,False,5,0.0,0.0,False,4,0.0,0.0,False,3,0.0,0.0,False
s1_outline__188,1次,山城金属株式会社,False,7,1.0,0.14285714285714285,False,7,1.0,0.14285714285714285,False,6,1.0,0.16666666666666666,False,6,1.0,0.16666666666666666,False,5,1.0,0.2,False,5,1.0,0.2,False,4,1.0,0.25,False,3,1.0,0.3333333333333333,False
s1_outline__205,2次,ヤマシンスチール株式会社,True,7,1.0,0.14285714285714285,False,7,1.0,0.14285714285714285,False,6,1.0,0.16666666666666666,False,6,1.0,0.16666666666666666,False,5,1.0,0.2,False,5,1.0,0.2,False,4,1.0,0.25,False,3,1.0,0.3333333333333333,False
s1_outline_19,1次,株式会社XEN GROUP,False,7,1.0,0.14285714285714285,False,7,1.0,0.14285714285714285,False,6,1.0,0.16666666666666666,False,6,1.0,0.16666666666666666,False,5,1.0,0.2,False,5,1.0,0.2,False,4,0.0,0.0,False,3,0.0,0.0,False
s1_outline_42,1次,株式会社山田ドビー,False,7,0.0,0.0,False,7,0.0,0.0,False,6,0.0,0.0,False,6,0.0,0.0,False,5,0.0,0.0,False,5,0.0,0.0,False,4,0.0,0.0,False,3,0.0,0.0,False
s2_outline_9,3次,株式会社マルト水谷,False,7,2.0,0.2857142857142857,False,7,2.0,0.2857142857142857,False,6,2.0,0.3333333333333333,False,6,2.0,0.3333333333333333,False,5,2.0,0.4,False,5,2.0,0.4,False,4,2.0,0.5,False,3,2.0,0.6666666666666666,True
s2_outline_37,3次,ノーラエンジニアリング株式会社,False,7,1.0,0.14285714285714285,False,7,1.0,0.14285714285714285,False,6,0.0,0.0,False,6,1.0,0.16666666666666666,False,5,0.0,0.0,False,5,0.0,0.0,False,4,0.0,0.0,False,3,0.0,0.0,False
s2_outline_49,3次,白鷺特殊鋼株式会社,False,7,2.0,0.2857142857142857,False,7,2.0,0.2857142857142857,False,6,1.0,0.16666666666666666,False,6,2.0,0.3333333333333333,False,5,1.0,0.2,False,5,1.0,0.2,False,4,0.0,0.0,False,3,0.0,0.0,False
s2_outline_61,3次,株式会社川金コアテック,False,7,2.0,0.2857142857142857,False,7,2.0,0.2857142857142857,False,6,2.0,0.3333333333333333,False,6,2.0,0.3333333333333333,False,5,2.0,0.4,False,5,2.0,0.4,False,4,2.0,0.5,False,3,2.0,0.6666666666666666,True
s2_outline_73,3次,株式会社ライジング,False,7,1.0,0.14285714285714285,False,7,1.0,0.14285714285714285,False,6,1.0,0.16666666666666666,False,6,1.0,0.16666666666666666,False,5,1.0,0.2,False,5,1.0,0.2,False,4,1.0,0.25,False,3,1.0,0.3333333333333333,False
s2_outline_80,3次,株式会社レイズ,False,7,0.0,0.0,False,7,0.0,0.0,False,6,0.0,0.0,False,6,0.0,0.0,False,5,0.0,0.0,False,5,0.0,0.0,False,4,0.0,0.0,False,3,0.0,0.0,False
s2_outline_93,3次,東亜工業株式会社,True,7,2.0,0.2857142857142857,False,7,2.0,0.2857142857142857,False,6,2.0,0.3333333333333333,False,6,2.0,0.3333333333333333,False,5,2.0,0.4,False,5,2.0,0.4,False,4,2.0,0.5,False,3,2.0,0.6666666666666666,True
s2_outline_97,3次,中村土建株式会社,True,7,1.0,0.14285714285714285,False,7,1.0,0.14285714285714285,False,6,1.0,0.16666666666666666,False,6,1.0,0.16666666666666666,False,5,1.0,0.2,False,5,1.0,0.2,False,4,1.0,0.25,False,3,1.0,0.3333333333333333,False
s2_outline_98,3次,ホーコス株式会社,False,7,2.0,0.2857142857142857,False,7,2.0,0.2857142857142857,False,6,2.0,0.3333333333333333,False,6,2.0,0.3333333333333333,False,5,2.0,0.4,False,5,2.0,0.4,False,4,2.0,0.5,False,3,2.0,0.6666666666666666,True
s2_outline_123,3次,東洋ケアサービス株式会社,False,7,2.0,0.2857142857142857,False,7,2.0,0.2857142857142857,False,6,1.0,0.16666666666666666,False,6,2.0,0.3333333333333333,False,5,1.0,0.2,False,5,1.0,0.2,False,4,0.0,0.0,False,3,0.0,0.0,False
s2_outline_188,3次,株式会社ユビタス,False,7,0.0,0.0,False,7,0.0,0.0,False,6,0.0,0.0,False,6,0.0,0.0,False,5,0.0,0.0,False,5,0.0,0.0,False,4,0.0,0.0,False,3,0.0,0.0,False
s2_outline_201,4次,ハムリー株式会社,True,7,1.0,0.14285714285714285,False,7,1.0,0.14285714285714285,False,6,1.0,0.16666666666666666,False,6,1.0,0.16666666666666666,False,5,1.0,0.2,False,5,1.0,0.2,False,4,1.0,0.25,False,3,1.0,0.3333333333333333,False
s2_outline_207,4次,ロートニッテン株式会社,False,7,3.0,0.42857142857142855,False,7,3.0,0.42857142857142855,False,6,3.0,0.5,False,6,3.0,0.5,False,5,3.0,0.6,True,5,3.0,0.6,True,4,3.0,0.75,True,3,3.0,1.0,True
s2_outline_213,4次,ファインプラス株式会社,False,7,2.0,0.2857142857142857,False,7,2.0,0.2857142857142857,False,6,2.0,0.3333333333333333,False,6,2.0,0.3333333333333333,False,5,2.0,0.4,False,5,2.0,0.4,False,4,2.0,0.5,False,3,2.0,0.6666666666666666,True
s2_outline_226,4次,日本海精錬株式会社,True,7,2.0,0.2857142857142857,False,7,2.0,0.2857142857142857,False,6,2.0,0.3333333333333333,False,6,2.0,0.3333333333333333,False,5,2.0,0.4,False,5,2.0,0.4,False,4,1.0,0.25,False,3,1.0,0.3333333333333333,False
s1_outline_7,1次,株式会社ＭＡＲＵＷＡ,True,5,1.0,0.2,False,5,1.0,0.2,False,4,1.0,0.25,False,4,1.0,0.25,False,3,1.0,0.3333333333333333,False,3,1.0,0.3333333333333333,False,2,1.0,0.5,False,2,1.0,0.5,False
s1_outline_9,1次,株式会社Pale Blue,True,5,1.0,0.2,False,5,1.0,0.2,False,4,1.0,0.25,False,4,1.0,0.25,False,3,1.0,0.3333333333333333,False,3,1.0,0.3333333333333333,False,2,1.0,0.5,False,2,1.0,0.5,False
s1_outline_169,2次,サトウ食品株式会社,False,5,2.0,0.4,False,5,2.0,0.4,False,4,2.0,0.5,False,4,1.0,0.25,False,3,1.0,0.3333333333333333,False,3,1.0,0.3333333333333333,False,2,1.0,0.5,False,2,1.0,0.5,False
s1_outline_87,1次,トーカロ株式会社,True,9,3.0,0.3333333333333333,False,8,2.0,0.25,False,8,3.0,0.375,False,8,3.0,0.375,False,7,3.0,0.42857142857142855,False,6,2.0,0.3333333333333333,False,5,2.0,0.4,False,3,1.0,0.3333333333333333,False
s1_outline_149,2次,株式会社共同物流サービス,True,9,3.0,0.3333333333333333,False,8,3.0,0.375,False,8,3.0,0.375,False,8,3.0,0.375,False,7,3.0,0.42857142857142855,False,6,3.0,0.5,False,5,3.0,0.6,True,3,3.0,1.0,True
s1_outline_150,2次,三笠産業株式会社,True,9,2.0,0.2222222222222222,False,8,2.0,0.25,False,8,2.0,0.25,False,8,1.0,0.125,False,7,1.0,0.14285714285714285,False,6,1.0,0.16666666666666666,False,5,1.0,0.2,False,3,0.0,0.0,False
s2_outline_90,3次,有価物回収協業組合　石坂グループ,True,9,0.0,0.0,False,8,0.0,0.0,False,8,0.0,0.0,False,8,0.0,0.0,False,7,0.0,0.0,False,6,0.0,0.0,False,5,0.0,0.0,False,3,0.0,0.0,False
s2_outline_125,4次,株式会社タンケンシールセーコウ,True,9,3.0,0.3333333333333333,False,8,3.0,0.375,False,8,3.0,0.375,False,8,3.0,0.375,False,7,3.0,0.42857142857142855,False,6,3.0,0.5,False,5,3.0,0.6,True,3,2.0,0.6666666666666666,True
s2_outline_166,4次,株式会社新潟食品運輸,True,9,3.0,0.3333333333333333,False,8,2.0,0.25,False,8,3.0,0.375,False,8,3.0,0.375,False,7,3.0,0.42857142857142855,False,6,2.0,0.3333333333333333,False,5,2.0,0.4,False,3,1.0,0.3333333333333333,False
s1_outline_29,1次,株式会社三和テスコ,False,8,0.0,0.0,False,8,0.0,0.0,False,7,0.0,0.0,False,7,0.0,0.0,False,6,0.0,0.0,False,6,0.0,0.0,False,5,0.0,0.0,False,3,0.0,0.0,False
s2_outline_2,3次,ガイア株式会社,False,8,1.0,0.125,False,8,1.0,0.125,False,7,1.0,0.14285714285714285,False,7,1.0,0.14285714285714285,False,6,1.0,0.16666666666666666,False,6,1.0,0.16666666666666666,False,5,0.0,0.0,False,3,0.0,0.0,False
s2_outline_31,3次,アトム株式会社,True,8,1.0,0.125,False,8,1.0,0.125,False,7,1.0,0.14285714285714285,False,7,1.0,0.14285714285714285,False,6,1.0,0.16666666666666666,False,6,1.0,0.16666666666666666,False,5,1.0,0.2,False,3,1.0,0.3333333333333333,False
s2_outline_117,4次,瀬戸内海印刷株式会社,False,8,1.0,0.125,False,8,1.0,0.125,False,7,1.0,0.14285714285714285,False,7,0.0,0.0,False,6,0.0,0.0,False,6,0.0,0.0,False,5,0.0,0.0,False,3,0.0,0.0,False
s2_outline_118,4次,株式会社光洋,False,8,3.0,0.375,False,8,3.0,0.375,False,7,3.0,0.42857142857142855,False,7,3.0,0.42857142857142855,False,6,3.0,0.5,False,6,3.0,0.5,False,5,3.0,0.6,True,3,2.0,0.6666666666666666,True
s2_outline_133,4次,株式会社ユタカ,False,8,0.0,0.0,False,8,0.0,0.0,False,7,0.0,0.0,False,7,0.0,0.0,False,6,0.0,0.0,False,6,0.0,0.0,False,5,0.0,0.0,False,3,0.0,0.0,False
s2_outline_138,4次,株式会社ジーケーエス,False,8,2.0,0.25,False,8,2.0,0.25,False,7,2.0,0.2857142857142857,False,7,2.0,0.2857142857142857,False,6,2.0,0.3333333333333333,False,6,2.0,0.3333333333333333,False,5,2.0,0.4,False,3,1.0,0.3333333333333333,False
s2_outline_146,4次,セーレンアドバンストマテリアルズ株式会社,True,8,2.0,0.25,False,8,2.0,0.25,False,7,2.0,0.2857142857142857,False,7,1.0,0.14285714285714285,False,6,1.0,0.16666666666666666,False,6,1.0,0.16666666666666666,False,5,0.0,0.0,False,3,0.0,0.0,False
s2_outline_162,4次,三恵株式会社,True,8,3.0,0.375,False,8,3.0,0.375,False,7,3.0,0.42857142857142855,False,7,3.0,0.42857142857142855,False,6,3.0,0.5,False,6,3.0,0.5,False,5,3.0,0.6,True,3,2.0,0.6666666666666666,True
s2_outline_170,4次,鈴木鉄工株式会社,True,8,3.0,0.375,False,8,3.0,0.375,False,7,3.0,0.42857142857142855,False,7,3.0,0.42857142857142855,False,6,3.0,0.5,False,6,3.0,0.5,False,5,2.0,0.4,False,3,1.0,0.3333333333333333,False
s2_outline_180,4次,株式会社森田あられ,False,8,3.0,0.375,False,8,3.0,0.375,False,7,3.0,0.42857142857142855,False,7,3.0,0.42857142857142855,False,6,3.0,0.5,False,6,3.0,0.5,False,5,3.0,0.6,True,3,2.0,0.6666666666666666,True
s2_outline_202,4次,東海デキストリン株式会社,True,8,3.0,0.375,False,8,3.0,0.375,False,7,2.0,0.2857142857142857,False,7,3.0,0.42857142857142855,False,6,2.0,0.3333333333333333,False,6,2.0,0.3333333333333333,False,5,1.0,0.2,False,3,0.0,0.0,False
s2_outline_211,4次,アサヒプリテック株式会社,True,8,2.0,0.25,False,8,2.0,0.25,False,7,2.0,0.2857142857142857,False,7,2.0,0.2857142857142857,False,6,2.0,0.3333333333333333,False,6,2.0,0.3333333333333333,False,5,2.0,0.4,False,3,1.0,0.3333333333333333,False
s1_outline_38,1次,テラル株式会社,True,6,1.0,0.16666666666666666,False,6,1.0,0.16666666666666666,False,5,1.0,0.2,False,5,1.0,0.2,False,4,1.0,0.25,False,4,1.0,0.25,False,3,1.0,0.3333333333333333,False,2,1.0,0.5,False
s1_outline_73,1次,株式会社大昌鉄工所,True,6,0.0,0.0,False,6,0.0,0.0,False,5,0.0,0.0,False,5,0.0,0.0,False,4,0.0,0.0,False,4,0.0,0.0,False,3,0.0,0.0,False,3,0.0,0.0,False
s2_outline_6,3次,株式会社上野凮月堂,False,6,1.0,0.16666666666666666,False,6,1.0,0.16666666666666666,False,5,1.0,0.2,False,5,1.0,0.2,False,4,1.0,0.25,False,4,1.0,0.25,False,3,0.0,0.0,False,3,0.0,0.0,False
s2_outline_78,3次,株式会社宮古島の雪塩,False,6,1.0,0.16666666666666666,False,6,1.0,0.16666666666666666,False,5,1.0,0.2,False,5,1.0,0.2,False,4,1.0,0.25,False,4,1.0,0.25,False,3,0.0,0.0,False,2,0.0,0.0,False
s2_outline_177,4次,八光エルアール株式会社,False,6,1.0,0.16666666666666666,False,6,1.0,0.16666666666666666,False,5,1.0,0.2,False,5,0.0,0.0,False,4,0.0,0.0,False,4,0.0,0.0,False,3,0.0,0.0,False,2,0.0,0.0,False
s1_outline_55,1次,株式会社コーヨークリエイト,True,4,1.0,0.25,False,3,1.0,0.3333333333333333,False,4,1.0,0.25,False,4,1.0,0.25,False,4,1.0,0.25,False,3,1.0,0.3333333333333333,False,3,1.0,0.3333333333333333,False,2,1.0,0.5,False
s1_outline_56,1次,高知通運株式会社,False,3,0.0,0.0,False,3,0.0,0.0,False,3,0.0,0.0,False,3,0.0,0.0,False,3,0.0,0.0,False,3,0.0,0.0,False,2,0.0,0.0,False,1,0.0,0.0,False
s1_outline_105,1次,中外医薬生産株式会社,False,3,1.0,0.3333333333333333,False,3,1.0,0.3333333333333333,False,3,1.0,0.3333333333333333,False,3,1.0,0.3333333333333333,False,3,1.0,0.3333333333333333,False,3,1.0,0.3333333333333333,False,3,1.0,0.3333333333333333,False,3,1.0,0.3333333333333333,False
s1_outline__191,2次,株式会社カナイ,True,8,3.0,0.375,False,7,2.0,0.2857142857142857,False,7,3.0,0.42857142857142855,False,7,3.0,0.42857142857142855,False,6,3.0,0.5,False,5,2.0,0.4,False,4,2.0,0.5,False,3,2.0,0.6666666666666666,True
s1_outline_1,1次,株式会社岩崎電機製作所,True,8,2.0,0.25,False,7,1.0,0.14285714285714285,False,7,2.0,0.2857142857142857,False,7,2.0,0.2857142857142857,False,6,2.0,0.3333333333333333,False,5,1.0,0.2,False,4,1.0,0.25,False,3,1.0,0.3333333333333333,False
s1_outline_5,1次,大森機械工業株式会社,True,8,2.0,0.25,False,7,1.0,0.14285714285714285,False,7,2.0,0.2857142857142857,False,7,2.0,0.2857142857142857,False,6,2.0,0.3333333333333333,False,5,1.0,0.2,False,4,1.0,0.25,False,3,1.0,0.3333333333333333,False
s1_outline_10,1次,株式会社プレジィール,True,8,2.0,0.25,False,7,1.0,0.14285714285714285,False,7,2.0,0.2857142857142857,False,7,2.0,0.2857142857142857,False,6,2.0,0.3333333333333333,False,5,1.0,0.2,False,4,1.0,0.25,False,3,1.0,0.3333333333333333,False
s1_outline_21,1次,株式会社くまさんメディクス,True,8,3.0,0.375,False,7,2.0,0.2857142857142857,False,7,3.0,0.42857142857142855,False,7,3.0,0.42857142857142855,False,6,3.0,0.5,False,5,2.0,0.4,False,4,2.0,0.5,False,3,2.0,0.6666666666666666,True
s1_outline_48,1次,SINGS株式会社,True,8,0.0,0.0,False,7,0.0,0.0,False,7,0.0,0.0,False,7,0.0,0.0,False,6,0.0,0.0,False,5,0.0,0.0,False,4,0.0,0.0,False,3,0.0,0.0,False
s1_outline_92,1次,アサヒフォージ株式会社,True,8,1.0,0.125,False,7,1.0,0.14285714285714285,False,7,1.0,0.14285714285714285,False,7,0.0,0.0,False,6,0.0,0.0,False,5,0.0,0.0,False,4,0.0,0.0,False,3,0.0,0.0,False
s1_outline_100,1次,マリンフード株式会社,False,8,2.0,0.25,False,7,1.0,0.14285714285714285,False,7,2.0,0.2857142857142857,False,7,2.0,0.2857142857142857,False,6,2.0,0.3333333333333333,False,5,1.0,0.2,False,4,1.0,0.25,False,3,1.0,0.3333333333333333,False
s1_outline_115,2次,株式会社国際エキスプレス,False,8,2.0,0.25,False,7,1.0,0.14285714285714285,False,7,2.0,0.2857142857142857,False,7,2.0,0.2857142857142857,False,6,2.0,0.3333333333333333,False,5,1.0,0.2,False,4,1.0,0.25,False,3,1.0,0.3333333333333333,False
s1_outline_117,2次,信越理研株式会社,False,8,0.0,0.0,False,7,0.0,0.0,False,7,0.0,0.0,False,7,0.0,0.0,False,6,0.0,0.0,False,5,0.0,0.0,False,4,0.0,0.0,False,3,0.0,0.0,False
s1_outline_122,2次,岸和田製鋼株式会社,True,8,4.0,0.5,False,7,3.0,0.42857142857142855,False,7,4.0,0.5714285714285714,False,7,4.0,0.5714285714285714,False,6,4.0,0.6666666666666666,True,5,3.0,0.6,True,4,3.0,0.75,True,3,3.0,1.0,True
s1_outline_124,2次,株式会社シロ,True,8,3.0,0.375,False,7,2.0,0.2857142857142857,False,7,2.0,0.2857142857142857,False,7,2.0,0.2857142857142857,False,6,1.0,0.16666666666666666,False,5,0.0,0.0,False,4,0.0,0.0,False,2,0.0,0.0,False
s1_outline_125,2次,株式会社ミダック,True,8,4.0,0.5,False,7,3.0,0.42857142857142855,False,7,4.0,0.5714285714285714,False,7,4.0,0.5714285714285714,False,6,4.0,0.6666666666666666,True,5,3.0,0.6,True,4,2.0,0.5,False,2,2.0,1.0,False
s1_outline_135,2次,株式会社永井運送,True,8,2.0,0.25,False,7,2.0,0.2857142857142857,False,7,1.0,0.14285714285714285,False,7,2.0,0.2857142857142857,False,6,1.0,0.16666666666666666,False,5,1.0,0.2,False,4,1.0,0.25,False,3,1.0,0.3333333333333333,False
s1_outline_138,2次,菅野包装資材株式会社,True,8,1.0,0.125,False,7,1.0,0.14285714285714285,False,7,1.0,0.14285714285714285,False,7,1.0,0.14285714285714285,False,6,1.0,0.16666666666666666,False,5,1.0,0.2,False,4,1.0,0.25,False,3,1.0,0.3333333333333333,False
s1_outline_148,2次,株式会社しばた工芸,True,8,1.0,0.125,False,7,1.0,0.14285714285714285,False,7,1.0,0.14285714285714285,False,7,1.0,0.14285714285714285,False,6,1.0,0.16666666666666666,False,5,1.0,0.2,False,4,1.0,0.25,False,3,1.0,0.3333333333333333,False
s1_outline_151,2次,四国医療サービス株式会社,True,8,1.0,0.125,False,7,0.0,0.0,False,7,1.0,0.14285714285714285,False,7,1.0,0.14285714285714285,False,6,1.0,0.16666666666666666,False,5,0.0,0.0,False,4,0.0,0.0,False,3,0.0,0.0,False
s1_outline_167,2次,銘建工業株式会社,False,8,3.0,0.375,False,7,2.0,0.2857142857142857,False,7,3.0,0.42857142857142855,False,7,2.0,0.2857142857142857,False,6,2.0,0.3333333333333333,False,5,1.0,0.2,False,4,1.0,0.25,False,3,1.0,0.3333333333333333,False
s2_outline_34,3次,フタバ食品株式会社,True,8,2.0,0.25,False,7,2.0,0.2857142857142857,False,7,2.0,0.2857142857142857,False,7,1.0,0.14285714285714285,False,6,1.0,0.16666666666666666,False,5,1.0,0.2,False,4,1.0,0.25,False,3,1.0,0.3333333333333333,False
s2_outline_47,3次,INTLOOP株式会社,True,8,3.0,0.375,False,7,2.0,0.2857142857142857,False,7,3.0,0.42857142857142855,False,7,3.0,0.42857142857142855,False,6,3.0,0.5,False,5,2.0,0.4,False,4,1.0,0.25,False,2,1.0,0.5,False
s2_outline_51,3次,有楽製菓株式会社,False,8,1.0,0.125,False,7,0.0,0.0,False,7,1.0,0.14285714285714285,False,7,1.0,0.14285714285714285,False,6,1.0,0.16666666666666666,False,5,0.0,0.0,False,4,0.0,0.0,False,3,0.0,0.0,False
s2_outline_152,4次,株式会社大熊製作所,False,8,1.0,0.125,False,7,1.0,0.14285714285714285,False,7,1.0,0.14285714285714285,False,7,1.0,0.14285714285714285,False,6,1.0,0.16666666666666666,False,5,1.0,0.2,False,4,1.0,0.25,False,3,1.0,0.3333333333333333,False
s2_outline_153,4次,コモライフ株式会社,False,8,1.0,0.125,False,7,0.0,0.0,False,7,1.0,0.14285714285714285,False,7,1.0,0.14285714285714285,False,6,1.0,0.16666666666666666,False,5,0.0,0.0,False,4,0.0,0.0,False,3,0.0,0.0,False
s2_outline_154,4次,アルフレッド株式会社,True,8,1.0,0.125,False,7,1.0,0.14285714285714285,False,7,1.0,0.14285714285714285,False,7,1.0,0.14285714285714285,False,6,1.0,0.16666666666666666,False,5,1.0,0.2,False,4,1.0,0.25,False,3,1.0,0.3333333333333333,False
s2_outline_163,4次,MHT株式会社,False,8,3.0,0.375,False,7,2.0,0.2857142857142857,False,7,3.0,0.42857142857142855,False,7,3.0,0.42857142857142855,False,6,3.0,0.5,False,5,2.0,0.4,False,4,1.0,0.25,False,3,1.0,0.3333333333333333,False
s2_outline_174,4次,ナカネ新建材株式会社,True,8,1.0,0.125,False,7,0.0,0.0,False,7,1.0,0.14285714285714285,False,7,1.0,0.14285714285714285,False,6,1.0,0.16666666666666666,False,5,0.0,0.0,False,4,0.0,0.0,False,3,0.0,0.0,False
s2_outline_176,4次,北アルプス飲料株式会社,False,8,2.0,0.25,False,7,2.0,0.2857142857142857,False,7,2.0,0.2857142857142857,False,7,1.0,0.14285714285714285,False,6,1.0,0.16666666666666666,False,5,1.0,0.2,False,4,0.0,0.0,False,3,0.0,0.0,False
s2_outline_204,4次,新日本電工株式会社,True,8,3.0,0.375,False,7,2.0,0.2857142857142857,False,7,3.0,0.42857142857142855,False,7,3.0,0.42857142857142855,False,6,3.0,0.5,False,5,2.0,0.4,False,4,2.0,0.5,False,2,1.0,0.5,False
s1_outline__208,2次,日本電波工業株式会社,False,7,1.0,0.14285714285714285,False,7,1.0,0.14285714285714285,False,6,1.0,0.16666666666666666,False,6,1.0,0.16666666666666666,False,5,1.0,0.2,False,5,1.0,0.2,False,4,1.0,0.25,False,3,1.0,0.3333333333333333,False
s1_outline_3,1次,株式会社堀場エステック,True,7,0.0,0.0,False,7,0.0,0.0,False,6,0.0,0.0,False,6,0.0,0.0,False,5,0.0,0.0,False,5,0.0,0.0,False,4,0.0,0.0,False,3,0.0,0.0,False
s1_outline_22,1次,BBSジャパン株式会社,True,7,1.0,0.14285714285714285,False,7,1.0,0.14285714285714285,False,6,1.0,0.16666666666666666,False,6,1.0,0.16666666666666666,False,5,1.0,0.2,False,5,1.0,0.2,False,4,1.0,0.25,False,3,1.0,0.3333333333333333,False
s1_outline_68,1次,株式会社ミマキエンジニアリング,False,7,2.0,0.2857142857142857,False,7,2.0,0.2857142857142857,False,6,2.0,0.3333333333333333,False,6,2.0,0.3333333333333333,False,5,2.0,0.4,False,5,2.0,0.4,False,4,2.0,0.5,False,3,2.0,0.6666666666666666,True
s1_outline_154,2次,中央観光株式会社,False,7,1.0,0.14285714285714285,False,7,1.0,0.14285714285714285,False,6,1.0,0.16666666666666666,False,6,1.0,0.16666666666666666,False,5,1.0,0.2,False,5,1.0,0.2,False,4,1.0,0.25,False,3,1.0,0.3333333333333333,False
s1_outline_166,2次,株式会社福地建設,False,7,0.0,0.0,False,7,0.0,0.0,False,6,0.0,0.0,False,6,0.0,0.0,False,5,0.0,0.0,False,5,0.0,0.0,False,4,0.0,0.0,False,3,0.0,0.0,False
s2_outline_8,3次,牛乳石鹸共進社株式会社,False,7,1.0,0.14285714285714285,False,7,1.0,0.14285714285714285,False,6,1.0,0.16666666666666666,False,6,0.0,0.0,False,5,0.0,0.0,False,5,0.0,0.0,False,4,0.0,0.0,False,3,0.0,0.0,False
s2_outline_14,3次,スギムラ化学工業株式会社,False,7,0.0,0.0,False,7,0.0,0.0,False,6,0.0,0.0,False,6,0.0,0.0,False,5,0.0,0.0,False,5,0.0,0.0,False,4,0.0,0.0,False,3,0.0,0.0,False
s2_outline_62,3次,株式会社エネルギーギャップ,False,7,1.0,0.14285714285714285,False,7,1.0,0.14285714285714285,False,6,1.0,0.16666666666666666,False,6,1.0,0.16666666666666666,False,5,1.0,0.2,False,5,1.0,0.2,False,4,0.0,0.0,False,3,0.0,0.0,False
s2_outline_67,3次,千代田空調機器株式会社,False,7,1.0,0.14285714285714285,False,7,1.0,0.14285714285714285,False,6,1.0,0.16666666666666666,False,6,1.0,0.16666666666666666,False,5,1.0,0.2,False,5,1.0,0.2,False,4,1.0,0.25,False,3,1.0,0.3333333333333333,False
s2_outline_79,3次,大京株式会社,False,7,0.0,0.0,False,7,0.0,0.0,False,6,0.0,0.0,False,6,0.0,0.0,False,5,0.0,0.0,False,5,0.0,0.0,False,4,0.0,0.0,False,3,0.0,0.0,False
s2_outline_160,4次,株式会社ダイドー,True,7,1.0,0.14285714285714285,False,7,1.0,0.14285714285714285,False,6,1.0,0.16666666666666666,False,6,1.0,0.16666666666666666,False,5,1.0,0.2,False,5,1.0,0.2,False,4,1.0,0.25,False,3,1.0,0.3333333333333333,False
s2_outline_215,3次,昭和化工株式会社,True,7,0.0,0.0,False,7,0.0,0.0,False,6,0.0,0.0,False,6,0.0,0.0,False,5,0.0,0.0,False,5,0.0,0.0,False,4,0.0,0.0,False,3,0.0,0.0,False
s2_outline_220,4次,富田薬品株式会社,False,7,1.0,0.14285714285714285,False,7,1.0,0.14285714285714285,False,6,1.0,0.16666666666666666,False,6,1.0,0.16666666666666666,False,5,1.0,0.2,False,5,1.0,0.2,False,4,1.0,0.25,False,3,1.0,0.3333333333333333,False
s2_outline_230,4次,株式会社アイ・グラン・ソリューション,True,7,2.0,0.2857142857142857,False,7,2.0,0.2857142857142857,False,6,2.0,0.3333333333333333,False,6,2.0,0.3333333333333333,False,5,2.0,0.4,False,5,2.0,0.4,False,4,2.0,0.5,False,3,2.0,0.6666666666666666,True
s2_outline_157,4次,株式会社ワイズマート,False,9,3.0,0.3333333333333333,False,8,2.0,0.25,False,8,3.0,0.375,False,8,3.0,0.375,False,7,3.0,0.42857142857142855,False,6,2.0,0.3333333333333333,False,5,2.0,0.4,False,3,1.0,0.3333333333333333,False
s2_outline_231,4次,創建ホーム株式会社,True,9,1.0,0.1111111111111111,False,8,0.0,0.0,False,8,1.0,0.125,False,8,1.0,0.125,False,7,1.0,0.14285714285714285,False,6,0.0,0.0,False,5,0.0,0.0,False,3,0.0,0.0,False
s2_outline_21,3次,健栄製薬株式会社,False,8,2.0,0.25,False,8,2.0,0.25,False,7,2.0,0.2857142857142857,False,7,2.0,0.2857142857142857,False,6,2.0,0.3333333333333333,False,6,2.0,0.3333333333333333,False,5,2.0,0.4,False,3,1.0,0.3333333333333333,False
s2_outline_39,3次,名古屋東部陸運株式会社,False,8,0.0,0.0,False,8,0.0,0.0,False,7,0.0,0.0,False,7,0.0,0.0,False,6,0.0,0.0,False,6,0.0,0.0,False,5,0.0,0.0,False,3,0.0,0.0,False
s2_outline_191,4次,株式会社ビクトリー,True,8,2.0,0.25,False,8,2.0,0.25,False,7,2.0,0.2857142857142857,False,7,1.0,0.14285714285714285,False,6,1.0,0.16666666666666666,False,6,1.0,0.16666666666666666,False,5,1.0,0.2,False,3,1.0,0.3333333333333333,False
s1_outline_93,1次,ウイング株式会社,True,5,1.0,0.2,False,4,0.0,0.0,False,5,1.0,0.2,False,5,1.0,0.2,False,5,1.0,0.2,False,4,0.0,0.0,False,4,0.0,0.0,False,3,0.0,0.0,False
s1_outline__194,2次,ZACROS株式会社,True,6,1.0,0.16666666666666666,False,5,0.0,0.0,False,5,1.0,0.2,False,5,1.0,0.2,False,4,1.0,0.25,False,3,0.0,0.0,False,2,0.0,0.0,False,2,0.0,0.0,False
s1_outline_67,1次,アドバンス電気工業株式会社,False,5,1.0,0.2,False,5,1.0,0.2,False,4,1.0,0.25,False,4,1.0,0.25,False,3,1.0,0.3333333333333333,False,3,1.0,0.3333333333333333,False,2,1.0,0.5,False,2,1.0,0.5,False
s2_outline_74,3次,株式会社山福,False,5,0.0,0.0,False,5,0.0,0.0,False,4,0.0,0.0,False,4,0.0,0.0,False,3,0.0,0.0,False,3,0.0,0.0,False,2,0.0,0.0,False,0,,,False
s1_outline_23,1次,株式会社ジェーイーエル,False,7,2.0,0.2857142857142857,False,6,1.0,0.16666666666666666,False,6,2.0,0.3333333333333333,False,6,2.0,0.3333333333333333,False,5,2.0,0.4,False,4,1.0,0.25,False,3,1.0,0.3333333333333333,False,2,1.0,0.5,False
s1_outline_123,2次,株式会社タケエイ,True,7,0.0,0.0,False,6,0.0,0.0,False,6,0.0,0.0,False,6,0.0,0.0,False,5,0.0,0.0,False,4,0.0,0.0,False,3,0.0,0.0,False,2,0.0,0.0,False
s1_outline_153,2次,株式会社越後屋,False,7,1.0,0.14285714285714285,False,6,1.0,0.16666666666666666,False,6,1.0,0.16666666666666666,False,6,1.0,0.16666666666666666,False,5,1.0,0.2,False,4,1.0,0.25,False,3,1.0,0.3333333333333333,False,2,1.0,0.5,False
s1_outline_155,2次,株式会社スギノマシン,True,7,4.0,0.5714285714285714,False,6,3.0,0.5,False,6,4.0,0.6666666666666666,True,6,4.0,0.6666666666666666,True,5,4.0,0.8,True,4,3.0,0.75,False,3,3.0,1.0,False,3,3.0,1.0,True
s1_outline_168,2次,株式会社大真空,False,7,2.0,0.2857142857142857,False,6,1.0,0.16666666666666666,False,6,2.0,0.3333333333333333,False,6,2.0,0.3333333333333333,False,5,2.0,0.4,False,4,1.0,0.25,False,3,1.0,0.3333333333333333,False,2,1.0,0.5,False
s1_outline_171,2次,昭和産業株式会社,False,7,1.0,0.14285714285714285,False,6,0.0,0.0,False,6,1.0,0.16666666666666666,False,6,1.0,0.16666666666666666,False,5,1.0,0.2,False,4,0.0,0.0,False,3,0.0,0.0,False,2,0.0,0.0,False
s2_outline_22,3次,味覚糖株式会社,True,7,2.0,0.2857142857142857,False,6,1.0,0.16666666666666666,False,6,2.0,0.3333333333333333,False,6,2.0,0.3333333333333333,False,5,2.0,0.4,False,4,1.0,0.25,False,3,1.0,0.3333333333333333,False,2,1.0,0.5,False
s1_outline__192,2次,池田糖化工業株式会社,True,6,0.0,0.0,False,6,0.0,0.0,False,5,0.0,0.0,False,5,0.0,0.0,False,4,0.0,0.0,False,4,0.0,0.0,False,3,0.0,0.0,False,2,0.0,0.0,False
s1_outline_30,1次,株式会社メイドー,True,6,1.0,0.16666666666666666,False,6,1.0,0.16666666666666666,False,5,1.0,0.2,False,5,1.0,0.2,False,4,1.0,0.25,False,4,1.0,0.25,False,3,1.0,0.3333333333333333,False,2,1.0,0.5,False
s1_outline_108,2次,株式会社ミラプロ,True,6,1.0,0.16666666666666666,False,6,1.0,0.16666666666666666,False,5,1.0,0.2,False,5,1.0,0.2,False,4,1.0,0.25,False,4,1.0,0.25,False,3,1.0,0.3333333333333333,False,3,1.0,0.3333333333333333,False
s2_outline_41,3次,藤本化学製品株式会社,False,6,0.0,0.0,False,6,0.0,0.0,False,5,0.0,0.0,False,5,0.0,0.0,False,4,0.0,0.0,False,4,0.0,0.0,False,3,0.0,0.0,False,2,0.0,0.0,False
s2_outline_147,4次,株式会社　進和,False,6,1.0,0.16666666666666666,False,6,1.0,0.16666666666666666,False,5,1.0,0.2,False,5,1.0,0.2,False,4,1.0,0.25,False,4,1.0,0.25,False,3,1.0,0.3333333333333333,False,2,1.0,0.5,False
s1_outline_43,1次,丸井産業株式会社,True,8,2.0,0.25,False,7,1.0,0.14285714285714285,False,7,2.0,0.2857142857142857,False,7,2.0,0.2857142857142857,False,6,2.0,0.3333333333333333,False,5,1.0,0.2,False,4,1.0,0.25,False,3,1.0,0.3333333333333333,False
s1_outline_99,1次,株式会社オーレック,False,8,1.0,0.125,False,7,0.0,0.0,False,7,1.0,0.14285714285714285,False,7,1.0,0.14285714285714285,False,6,1.0,0.16666666666666666,False,5,0.0,0.0,False,4,0.0,0.0,False,3,0.0,0.0,False
s1_outline_101,1次,株式会社正興電機製作所,True,8,2.0,0.25,False,7,1.0,0.14285714285714285,False,7,2.0,0.2857142857142857,False,7,2.0,0.2857142857142857,False,6,2.0,0.3333333333333333,False,5,1.0,0.2,False,4,1.0,0.25,False,3,1.0,0.3333333333333333,False
s1_outline_110,2次,株式会社菰下鎔断,True,8,2.0,0.25,False,7,1.0,0.14285714285714285,False,7,2.0,0.2857142857142857,False,7,2.0,0.2857142857142857,False,6,2.0,0.3333333333333333,False,5,1.0,0.2,False,4,1.0,0.25,False,3,1.0,0.3333333333333333,False
s1_outline_111,2次,株式会社向山工場,False,8,2.0,0.25,False,7,1.0,0.14285714285714285,False,7,2.0,0.2857142857142857,False,7,2.0,0.2857142857142857,False,6,2.0,0.3333333333333333,False,5,1.0,0.2,False,4,1.0,0.25,False,3,1.0,0.3333333333333333,False
s1_outline_119,1次,株式会社フルヤ金属,True,8,1.0,0.125,False,7,0.0,0.0,False,7,1.0,0.14285714285714285,False,7,1.0,0.14285714285714285,False,6,1.0,0.16666666666666666,False,5,0.0,0.0,False,4,0.0,0.0,False,3,0.0,0.0,False
s1_outline_136,2次,まねき食品株式会社,False,8,1.0,0.125,False,7,1.0,0.14285714285714285,False,7,1.0,0.14285714285714285,False,7,1.0,0.14285714285714285,False,6,1.0,0.16666666666666666,False,5,1.0,0.2,False,4,0.0,0.0,False,3,0.0,0.0,False
s2_outline_63,3次,エックスサーバー株式会社,False,8,2.0,0.25,False,7,1.0,0.14285714285714285,False,7,2.0,0.2857142857142857,False,7,2.0,0.2857142857142857,False,6,2.0,0.3333333333333333,False,5,1.0,0.2,False,4,0.0,0.0,False,3,0.0,0.0,False
s2_outline_187,4次,石坂産業株式会社,False,8,0.0,0.0,False,7,0.0,0.0,False,7,0.0,0.0,False,7,0.0,0.0,False,6,0.0,0.0,False,5,0.0,0.0,False,4,0.0,0.0,False,3,0.0,0.0,False
s1_outline_17,1次,進工業株式会社,True,7,0.0,0.0,False,7,0.0,0.0,False,6,0.0,0.0,False,6,0.0,0.0,False,5,0.0,0.0,False,5,0.0,0.0,False,4,0.0,0.0,False,3,0.0,0.0,False
s1_outline_132,2次,株式会社ヨシノ自動車,True,7,0.0,0.0,False,7,0.0,0.0,False,6,0.0,0.0,False,6,0.0,0.0,False,5,0.0,0.0,False,5,0.0,0.0,False,4,0.0,0.0,False,2,0.0,0.0,False
s2_outline_18,3次,DOWAパワーデバイス株式会社,False,7,0.0,0.0,False,7,0.0,0.0,False,6,0.0,0.0,False,6,0.0,0.0,False,5,0.0,0.0,False,5,0.0,0.0,False,4,0.0,0.0,False,3,0.0,0.0,False
s2_outline_71,3次,至誠堂製薬株式会社,False,7,0.0,0.0,False,7,0.0,0.0,False,6,0.0,0.0,False,6,0.0,0.0,False,5,0.0,0.0,False,5,0.0,0.0,False,4,0.0,0.0,False,3,0.0,0.0,False
s2_outline_86,3次,ヤマトスチール株式会社,False,7,1.0,0.14285714285714285,False,7,1.0,0.14285714285714285,False,6,1.0,0.16666666666666666,False,6,1.0,0.16666666666666666,False,5,1.0,0.2,False,5,1.0,0.2,False,4,1.0,0.25,False,3,1.0,0.3333333333333333,False
s2_outline_130,4次,株式会社ピカソナチュラルズ,False,7,0.0,0.0,False,7,0.0,0.0,False,6,0.0,0.0,False,6,0.0,0.0,False,5,0.0,0.0,False,5,0.0,0.0,False,4,0.0,0.0,False,3,0.0,0.0,False
s2_outline_186,3次,株式会社PXP,True,7,0.0,0.0,False,7,0.0,0.0,False,6,0.0,0.0,False,6,0.0,0.0,False,5,0.0,0.0,False,5,0.0,0.0,False,4,0.0,0.0,False,3,0.0,0.0,False
s2_outline_222,4次,株式会社 日本橋冷凍手島商店,True,7,0.0,0.0,False,7,0.0,0.0,False,6,0.0,0.0,False,6,0.0,0.0,False,5,0.0,0.0,False,5,0.0,0.0,False,4,0.0,0.0,False,2,0.0,0.0,False
s1_outline_84,1次,株式会社マグナ・ワイヤレス,True,9,1.0,0.1111111111111111,False,8,1.0,0.125,False,8,1.0,0.125,False,8,1.0,0.125,False,7,1.0,0.14285714285714285,False,6,1.0,0.16666666666666666,False,5,0.0,0.0,False,3,0.0,0.0,False
s1_outline_129,2次,株式会社浜屋,True,9,1.0,0.1111111111111111,False,8,0.0,0.0,False,8,1.0,0.125,False,8,1.0,0.125,False,7,1.0,0.14285714285714285,False,6,0.0,0.0,False,5,0.0,0.0,False,3,0.0,0.0,False
s2_outline_141,4次,古川電気工業株式会社,False,9,1.0,0.1111111111111111,False,8,0.0,0.0,False,8,1.0,0.125,False,8,1.0,0.125,False,7,1.0,0.14285714285714285,False,6,0.0,0.0,False,5,0.0,0.0,False,3,0.0,0.0,False
s2_outline_144,4次,株式会社シー・エス・ケイ,False,9,1.0,0.1111111111111111,False,8,0.0,0.0,False,8,1.0,0.125,False,8,1.0,0.125,False,7,1.0,0.14285714285714285,False,6,0.0,0.0,False,5,0.0,0.0,False,3,0.0,0.0,False
s2_outline_189,4次,吉田海運ロジソリューションズ株式会社,True,9,1.0,0.1111111111111111,False,8,0.0,0.0,False,8,1.0,0.125,False,8,1.0,0.125,False,7,1.0,0.14285714285714285,False,6,0.0,0.0,False,5,0.0,0.0,False,3,0.0,0.0,False
s2_outline_131,4次,株式会社中村畜産,False,8,1.0,0.125,False,8,1.0,0.125,False,7,1.0,0.14285714285714285,False,7,1.0,0.14285714285714285,False,6,1.0,0.16666666666666666,False,6,1.0,0.16666666666666666,False,5,0.0,0.0,False,3,0.0,0.0,False
s2_outline_183,4次,ナカシマヘルスフォース株式会社,True,8,1.0,0.125,False,8,1.0,0.125,False,7,1.0,0.14285714285714285,False,7,1.0,0.14285714285714285,False,6,1.0,0.16666666666666666,False,6,1.0,0.16666666666666666,False,5,1.0,0.2,False,3,1.0,0.3333333333333333,False
s2_outline_225,4次,株式会社山本製作所,True,8,0.0,0.0,False,8,0.0,0.0,False,7,0.0,0.0,False,7,0.0,0.0,False,6,0.0,0.0,False,6,0.0,0.0,False,5,0.0,0.0,False,3,0.0,0.0,False
s1_outline_131,2次,株式会社遠藤写真工芸所,False,9,0.0,0.0,False,8,0.0,0.0,False,8,0.0,0.0,False,8,0.0,0.0,False,7,0.0,0.0,False,6,0.0,0.0,False,5,0.0,0.0,False,3,0.0,0.0,False
s1_outline_109,2次,マイクロカット株式会社,False,8,1.0,0.125,False,7,0.0,0.0,False,7,1.0,0.14285714285714285,False,7,1.0,0.14285714285714285,False,6,1.0,0.16666666666666666,False,5,0.0,0.0,False,4,0.0,0.0,False,3,0.0,0.0,False
s1_outline_120,2次,旭陽電気株式会社,True,8,0.0,0.0,False,7,0.0,0.0,False,7,0.0,0.0,False,7,0.0,0.0,False,6,0.0,0.0,False,5,0.0,0.0,False,4,0.0,0.0,False,2,0.0,0.0,False
s1_outline_126,2次,高末株式会社,True,8,0.0,0.0,False,7,0.0,0.0,False,7,0.0,0.0,False,7,0.0,0.0,False,6,0.0,0.0,False,5,0.0,0.0,False,4,0.0,0.0,False,2,0.0,0.0,False
s1_outline_139,2次,川﨑工業株式会社,True,8,3.0,0.375,False,7,2.0,0.2857142857142857,False,7,3.0,0.42857142857142855,False,7,3.0,0.42857142857142855,False,6,3.0,0.5,False,5,2.0,0.4,False,4,2.0,0.5,False,3,2.0,0.6666666666666666,True
s2_outline_77,3次,株式会社やまみ,False,8,1.0,0.125,False,7,0.0,0.0,False,7,1.0,0.14285714285714285,False,7,1.0,0.14285714285714285,False,6,1.0,0.16666666666666666,False,5,0.0,0.0,False,4,0.0,0.0,False,2,0.0,0.0,False
s2_outline_82,3次,ハマダレクテック株式会社,True,8,0.0,0.0,False,7,0.0,0.0,False,7,0.0,0.0,False,7,0.0,0.0,False,6,0.0,0.0,False,5,0.0,0.0,False,4,0.0,0.0,False,3,0.0,0.0,False
s2_outline_165,4次,株式会社南鐵建,False,8,1.0,0.125,False,7,0.0,0.0,False,7,1.0,0.14285714285714285,False,7,1.0,0.14285714285714285,False,6,1.0,0.16666666666666666,False,5,0.0,0.0,False,4,0.0,0.0,False,3,0.0,0.0,False
s2_outline_173,3次,栄屋乳業株式会社,True,8,1.0,0.125,False,7,0.0,0.0,False,7,1.0,0.14285714285714285,False,7,1.0,0.14285714285714285,False,6,1.0,0.16666666666666666,False,5,0.0,0.0,False,4,0.0,0.0,False,3,0.0,0.0,False
s1_outline__203,2次,株式会社東映京都スタジオ,True,7,0.0,0.0,False,7,0.0,0.0,False,6,0.0,0.0,False,6,0.0,0.0,False,5,0.0,0.0,False,5,0.0,0.0,False,4,0.0,0.0,False,3,0.0,0.0,False
s1_outline_2,1次,株式会社アイ・テック,False,7,0.0,0.0,False,7,0.0,0.0,False,6,0.0,0.0,False,6,0.0,0.0,False,5,0.0,0.0,False,5,0.0,0.0,False,4,0.0,0.0,False,3,0.0,0.0,False
s1_outline_114,2次,株式会社中西製作所,True,7,1.0,0.14285714285714285,False,6,0.0,0.0,False,6,1.0,0.16666666666666666,False,6,1.0,0.16666666666666666,False,5,1.0,0.2,False,4,0.0,0.0,False,3,0.0,0.0,False,2,0.0,0.0,False
s1_outline_140,2次,新生電子株式会社,False,7,1.0,0.14285714285714285,False,6,0.0,0.0,False,6,1.0,0.16666666666666666,False,6,1.0,0.16666666666666666,False,5,1.0,0.2,False,4,0.0,0.0,False,3,0.0,0.0,False,3,0.0,0.0,False
s1_outline_141,2次,共栄フード株式会社,True,7,1.0,0.14285714285714285,False,6,1.0,0.16666666666666666,False,6,1.0,0.16666666666666666,False,6,1.0,0.16666666666666666,False,5,1.0,0.2,False,4,1.0,0.25,False,3,1.0,0.3333333333333333,False,2,1.0,0.5,False
s1_outline_145,2次,株式会社小松電業所,True,7,2.0,0.2857142857142857,False,6,1.0,0.16666666666666666,False,6,2.0,0.3333333333333333,False,6,2.0,0.3333333333333333,False,5,2.0,0.4,False,4,1.0,0.25,False,3,1.0,0.3333333333333333,False,2,1.0,0.5,False
s2_outline_89,3次,北海道乳業株式会社,True,7,1.0,0.14285714285714285,False,6,0.0,0.0,False,6,1.0,0.16666666666666666,False,6,1.0,0.16666666666666666,False,5,1.0,0.2,False,4,0.0,0.0,False,3,0.0,0.0,False,2,0.0,0.0,False
s2_outline_139,4次,株式会社エルス,True,7,0.0,0.0,False,7,0.0,0.0,False,6,0.0,0.0,False,6,0.0,0.0,False,5,0.0,0.0,False,5,0.0,0.0,False,4,0.0,0.0,False,3,0.0,0.0,False
s1_outline_24,1次,株式会社フジキン,True,6,1.0,0.16666666666666666,False,5,0.0,0.0,False,5,1.0,0.2,False,5,1.0,0.2,False,4,1.0,0.25,False,3,0.0,0.0,False,2,0.0,0.0,False,2,0.0,0.0,False
s2_outline_234,3次,日本エア・リキード合同会社,True,6,0.0,0.0,False,6,0.0,0.0,False,5,0.0,0.0,False,5,0.0,0.0,False,4,0.0,0.0,False,4,0.0,0.0,False,3,0.0,0.0,False,2,0.0,0.0,False
s1_outline_143,2次,株式会社ロッキー,False,5,0.0,0.0,False,5,0.0,0.0,False,4,0.0,0.0,False,4,0.0,0.0,False,3,0.0,0.0,False,3,0.0,0.0,False,2,0.0,0.0,False,2,0.0,0.0,False
